no,name,price,asset_url,link
1,Air Jordan 1 Low SE Phantom Denim Swoosh Authentic,Rp1.899.000,https://assets.tokopedia.net/assets-tokopedia-lite/v2/zeus/kratos/85cc883d.svg,https://www.tokopedia.com/trueogkicks/air-jordan-1-low-se-phantom-denim-swoosh-authentic-gs-37-5-87e7c?extParam=ivf%3Dtrue%26keyword%3Dair+jordan&src=topads
2,Air Jordan 1 Low Paris Authentic - 45,Rp1.999.000,https://assets.tokopedia.net/assets-tokopedia-lite/v2/zeus/kratos/85cc883d.svg,https://www.tokopedia.com/trueogkicks/air-jordan-1-low-paris-authentic-45-3660b?extParam=ivf%3Dfalse%26keyword%3Dair+jordan&src=topads
3,Air Jordan 1 Retro Low OG Black Cement (W),Rp954.366,https://assets.tokopedia.net/assets-tokopedia-lite/v2/zeus/kratos/85cc883d.svg,https://www.tokopedia.com/hypequartersbykickavenue/air-jordan-1-retro-low-og-black-cement-w-1730911297009255432?extParam=ivf%3Dfalse%26keyword%3Dair+jordan&src=topads
4,Air Jordan 1 Low OG Travis Scott Medium Olive Authentic - 38,Rp10.529.000,https://assets.tokopedia.net/assets-tokopedia-lite/v2/zeus/kratos/85cc883d.svg,https://www.tokopedia.com/trueogkicks/air-jordan-1-low-og-travis-scott-medium-olive-authentic-38-1c387?extParam=ivf%3Dtrue%26keyword%3Dair+jordan&src=topads
5,Nike Air Jordan 1 Low Panda (W) 100% Original,Rp1.999.000,https://assets.tokopedia.net/assets-tokopedia-lite/v2/zeus/kratos/85cc883d.svg,https://www.tokopedia.com/trueogkicks/nike-air-jordan-1-low-panda-w-100-original-37-5?extParam=ivf%3Dtrue%26keyword%3Dair+jordan&src=topads
6,Air Jordan Anti Crease Wrinkle Kerut Sneakers Shoe Shield Basket Besar,Rp9.500,https://assets.tokopedia.net/assets-tokopedia-lite/v2/zeus/kratos/85cc883d.svg,https://www.tokopedia.com/connoish/air-jordan-anti-crease-wrinkle-kerut-sneakers-shoe-shield-basket-besar-putih-small-kecil?extParam=ivf%3Dfalse%26keyword%3Dair+jordan%26search_id%3D2025043003235230BCD189704A6420EJL5%26src%3Dsearch
7,Nike Air Jordan Rise Cap Metal Logo Black FD5186-010 Topi Original,Rp499.004,https://assets.tokopedia.net/assets-tokopedia-lite/v2/zeus/kratos/85cc883d.svg,https://www.tokopedia.com/cekidotgan/nike-air-jordan-rise-cap-metal-logo-black-fd5186-010-topi-original-s-m-74f11?extParam=ivf%3Dfalse%26keyword%3Dair+jordan%26search_id%3D2025043003235230BCD189704A6420EJL5%26src%3Dsearch
8,Kaos Kaki AJ Air Jordan dry fit medium cutting tebal,Rp34.500,https://assets.tokopedia.net/assets-tokopedia-lite/v2/zeus/kratos/85cc883d.svg,https://www.tokopedia.com/beststuffjkt/kaos-kaki-aj-air-jordan-dry-fit-medium-cutting-tebal-abu-abu-1-pair?extParam=ivf%3Dfalse%26keyword%3Dair+jordan%26search_id%3D2025043003235230BCD189704A6420EJL5%26src%3Dsearch
9,AIR JORDAN ANTI CREASE SHIELDS universal sneaker Shields Anti crease,Rp5.950,https://assets.tokopedia.net/assets-tokopedia-lite/v2/zeus/kratos/85cc883d.svg,https://www.tokopedia.com/snekearsarw/air-jordan-anti-crease-shields-universal-sneaker-shields-anti-crease-kecil-putih?extParam=ivf%3Dfalse%26keyword%3Dair+jordan%26search_id%3D2025043003235230BCD189704A6420EJL5%26src%3Dsearch
10,Airpods pro case air jordan,Rp28.000,https://assets.tokopedia.net/assets-tokopedia-lite/v2/zeus/kratos/85cc883d.svg,https://www.tokopedia.com/cnfemporium/airpods-pro-case-air-jordan-merah-airpods-1-2?extParam=ivf%3Dfalse%26keyword%3Dair+jordan%26search_id%3D2025043003235230BCD189704A6420EJL5%26src%3Dsearch
11,Air Jordan 1 High OG Spiderverse 100% Original Guarantee,Rp1.799.000,https://images.tokopedia.net/img/cache/200-square/hDjmkQ/2024/12/7/d5f38088-3343-4a3c-ac72-ff3e0e83363d.jpg.webp?ect=4g,https://www.tokopedia.com/paldaprojectt/air-jordan-1-high-og-spiderverse-100-original-guarantee-5-5-38-18446?extParam=ivf%3Dfalse%26keyword%3Dair+jordan&src=topads
12,Air Jordan 1 Low Alternate Royal Toe Authentic,Rp1.579.000,https://images.tokopedia.net/img/cache/200-square/VqbcmM/2024/1/15/09c09f06-3451-4dd2-a4cd-4566032967ff.jpg.webp?ect=4g,https://www.tokopedia.com/trueogkicks/air-jordan-1-low-alternate-royal-toe-authentic-gs-38-049ed?extParam=ivf%3Dtrue%26keyword%3Dair+jordan&src=topads
13,Air Jordan 1 Retro High OG Bred Toe Authentic,Rp1.799.000,https://images.tokopedia.net/img/cache/200-square/VqbcmM/2024/1/9/5d7ee955-97e9-4dc0-ab2c-9e0c44c15226.jpg.webp?ect=4g,https://www.tokopedia.com/gdbb/air-jordan-1-retro-high-og-bred-toe-authentic-40-7d569?extParam=ivf%3Dfalse%26keyword%3Dair+jordan&src=topads
14,Air Jordan 1 Low SE Craft Dark Smoke Grey Authentic - 40,Rp3.000.000,https://images.tokopedia.net/img/cache/200-square/VqbcmM/2024/4/3/87ab3ac0-7716-4610-8eaf-a421c69107e8.jpg.webp?ect=4g,https://www.tokopedia.com/trueogkicks/air-jordan-1-low-se-craft-dark-smoke-grey-authentic-40-80a13?extParam=ivf%3Dfalse%26keyword%3Dair+jordan&src=topads
15,Baju Pria Air Jordan Rare Wish 85 T-shirt IB3130-010,Rp679.000,https://images.tokopedia.net/img/cache/200-square/VqbcmM/2025/4/23/8e0bc306-6d8b-4123-b2ba-52d3b2beb59b.jpg.webp?ect=4g,https://www.tokopedia.com/homecourtmedan/baju-pria-air-jordan-rare-wish-85-t-shirt-ib3130-010-1731239421367060283?extParam=ivf%3Dfalse%26keyword%3Dair+jordan&src=topads
16,Air Jordan 1 Low OG Mocha Authentic,Rp2.479.000,https://images.tokopedia.net/img/cache/200-square/VqbcmM/2024/9/27/bec99fe7-e1e7-4538-b467-845874150d56.jpg.webp?ect=4g,https://www.tokopedia.com/trueogkicks/air-jordan-1-low-og-mocha-authentic-gs-38-5-1d5e9?extParam=ivf%3Dfalse%26keyword%3Dair+jordan%26search_id%3D2025043003235230BCD189704A6420EJL5%26src%3Dsearch
17,Anti Crease Shield Air Jordan - Sneakers shield | Pelindung Sepatu,Rp15.000,https://images.tokopedia.net/img/cache/200-square/VqbcmM/2022/8/10/29e1d7b1-732f-4a83-90e1-9674301f5833.png.webp?ect=4g,https://www.tokopedia.com/fresclean/anti-crease-shield-air-jordan-sneakers-shield-pelindung-sepatu-m-40-46?extParam=ivf%3Dfalse%26keyword%3Dair+jordan%26search_id%3D2025043003235230BCD189704A6420EJL5%26src%3Dsearch
18,Air Jordan 5 Black Metallic Reimagined 100% Original,Rp3.099.000,https://images.tokopedia.net/img/cache/200-square/VqbcmM/2025/2/18/da338402-5ec0-43e0-be2e-7fb76a7165a4.jpg.webp?ect=4g,https://www.tokopedia.com/variantid-1/air-jordan-5-black-metallic-reimagined-100-original-1730881934501774531?extParam=ivf%3Dfalse%26keyword%3Dair+jordan%26search_id%3D2025043003235230BCD189704A6420EJL5%26src%3Dsearch
19,Outsole Nike Air Jordan,Rp60.000,https://images.tokopedia.net/img/cache/200-square/VqbcmM/2024/5/28/914e638d-80c3-4437-a798-4bcde0220f4a.png.webp?ect=4g,https://www.tokopedia.com/outletkitaofficial/outsole-nike-air-jordan-blue-white-37-38-9169b?extParam=ivf%3Dfalse%26keyword%3Dair+jordan%26search_id%3D2025043003235230BCD189704A6420EJL5%26src%3Dsearch
20,Tali sepatu nike jordan nike air force 1 original laces all brand,Rp49.000,https://images.tokopedia.net/img/cache/200-square/VqbcmM/2024/5/3/ede69d9a-1b67-4c0d-9124-7ed3cda9e125.jpg.webp?ect=4g,https://www.tokopedia.com/kriboriginal/tali-sepatu-nike-jordan-nike-air-force-1-original-laces-all-brand-peach-165cm-801c1?extParam=ivf%3Dfalse%26keyword%3Dair+jordan%26search_id%3D2025043003235230BCD189704A6420EJL5%26src%3Dsearch
21,Sepatu Basket Pria Air Jordan Tatum 2 Gpx Pf 100% Original HJ4421-400,Rp954.500,https://images.tokopedia.net/img/cache/200-square/VqbcmM/2025/1/16/9845e403-0ed6-479b-9393-5dd59b0f9f66.jpg.webp?ect=4g,https://www.tokopedia.com/allstarbasketball/sepatu-basket-pria-air-jordan-tatum-2-gpx-pf-100-original-hj4421-400-1730790825272051055?extParam=ivf%3Dfalse%26keyword%3Dair+jordan%26search_id%3D2025043003235230BCD189704A6420EJL5%26src%3Dsearch
22,Iron Patch Jordan Air Nike,Rp8.600,https://images.tokopedia.net/img/cache/200-square/VqbcmM/2021/10/12/19471c7b-4ad6-4046-8261-de758d1c0996.jpg.webp?ect=4g,https://www.tokopedia.com/renedelweiss/iron-patch-jordan-air-nike-putih?extParam=ivf%3Dfalse%26keyword%3Dair+jordan%26search_id%3D2025043003235230BCD189704A6420EJL5%26src%3Dsearch
23,AIR JORDAN VELOCITY DUFFLE BAG,Rp300.000,https://images.tokopedia.net/img/cache/200-square/VqbcmM/2024/8/13/48b22c4a-4410-4a96-8f5d-6f0fa310aba1.jpg.webp?ect=4g,https://www.tokopedia.com/warriorsofficialstore/air-jordan-velocity-duffle-bag?extParam=ivf%3Dfalse%26keyword%3Dair+jordan%26search_id%3D2025043003235230BCD189704A6420EJL5%26src%3Dsearch
24,Sneakers Nike Air Jordan 1 Low White Wolf Grey Authentic 100% BNIB Nike COD,Rp559.720,https://images.tokopedia.net/img/cache/200-square/VqbcmM/2024/9/22/9f6331f6-4520-4742-b656-8ec806025173.png.webp?ect=4g,https://www.tokopedia.com/brandsneakers/sneakers-nike-air-jordan-1-low-white-wolf-grey-authentic-100-bnib-nike-cod-black-red-white-36-1d925?extParam=ivf%3Dfalse%26keyword%3Dair+jordan%26search_id%3D2025043003235230BCD189704A6420EJL5%26src%3Dsearch
25,Baju Basket Air Jordan Stephen Curry Golden State Warriors Statement E,Rp689.500,https://images.tokopedia.net/img/cache/200-square/hDjmkQ/2024/12/10/df3bef16-9313-4f48-90b6-40974f466e9e.png.webp?ect=4g,https://www.tokopedia.com/ncrsport/baju-basket-air-jordan-stephen-curry-golden-state-warriors-statement-e-s-c3f96?extParam=ivf%3Dfalse%26keyword%3Dair+jordan%26search_id%3D2025043003235230BCD189704A6420EJL5%26src%3Dsearch
26,Air Jordan 1 High OG Palomino Authentic - GS 37.5,Rp1.999.000,https://images.tokopedia.net/img/cache/200-square/VqbcmM/2023/9/21/b1dd8b5e-646f-4285-aae7-cb95b5eed357.jpg.webp?ect=4g,https://www.tokopedia.com/trueogkicks/air-jordan-1-high-og-palomino-authentic-gs-37-5-38291?extParam=ivf%3Dtrue%26keyword%3Dair+jordan&src=topads
27,Air Jordan 1 Low Black Toe Medium Olive GS (100% Authentic),Rp1.599.000,https://images.tokopedia.net/img/cache/200-square/VqbcmM/2024/10/29/6655d6e4-d8ba-4c6e-b551-daf8c8ec4ca7.jpg.webp?ect=4g,https://www.tokopedia.com/senikersku/air-jordan-1-low-black-toe-medium-olive-gs-100-authentic-38-44632?extParam=ivf%3Dfalse%26keyword%3Dair+jordan&src=topads
28,Sepatu basket Air Jordan Heir PF Classic FQ3859-007,Rp864.500,https://images.tokopedia.net/img/cache/200-square/VqbcmM/2024/11/29/3d1ee3f1-3d0f-49ac-8f09-b0b12759c0b0.jpg.webp?ect=4g,https://www.tokopedia.com/overtimebasketballstore/sepatu-basket-air-jordan-heir-pf-classic-fq3859-007?extParam=ivf%3Dfalse%26keyword%3Dair+jordan&src=topads
29,AIR JORDAN LUKA 2 PF QUAI 54 FQ1154-100 - 13 / 47.5,Rp734.650,https://images.tokopedia.net/img/cache/200-square/hDjmkQ/2023/7/30/1d4d1f63-5afc-4cd3-96e2-adda420cd65c.jpg.webp?ect=4g,https://www.tokopedia.com/sneakers-idvault/air-jordan-luka-2-pf-quai-54-fq1154-100-13-47-5?extParam=ivf%3Dfalse%26keyword%3Dair+jordan&src=topads
30,Nike Air Jordan 1 Low Wolf Grey (100% Authentic),Rp2.399.000,https://images.tokopedia.net/img/cache/200-square/VqbcmM/2024/12/14/adbb5b2f-a0d2-4888-8ccc-5afd3012f595.jpg.webp?ect=4g,https://www.tokopedia.com/senikersku/nike-air-jordan-1-low-wolf-grey-100-authentic-37-5?extParam=ivf%3Dfalse%26keyword%3Dair+jordan%26whid%3D14090343&src=topads
31,(SALE CUCI GUDANG) AIR JORDAN 11 RETRO BLACK (GS),Rp3.000.000,https://images.tokopedia.net/img/cache/200-square/VqbcmM/2021/3/31/57abcfe2-19bb-4d8b-825a-3d9b86566980.png.webp?ect=4g,https://www.tokopedia.com/badassmonkeyid/sale-cuci-gudang-air-jordan-11-retro-black-gs-5y?extParam=ivf%3Dfalse%26keyword%3Dair+jordan%26search_id%3D2025043003235230BCD189704A6420EJL5%26src%3Dsearch
32,Sepatu Basket Air Jordan Tatum 2 Legacy Pf White Original,Rp775.600,https://images.tokopedia.net/img/cache/200-square/hDjmkQ/2024/11/11/9e6e38bb-a887-4fc5-b478-169833bfe541.png.webp?ect=4g,https://www.tokopedia.com/ncrsport/sepatu-basket-air-jordan-tatum-2-legacy-pf-white-original-10-5-44-5-c672f?extParam=ivf%3Dfalse%26keyword%3Dair+jordan%26search_id%3D2025043003235230BCD189704A6420EJL5%26src%3Dsearch
33,Sepatu basket Air Jordan 4RM Iron Grey FQ7939-002,Rp1.099.500,https://images.tokopedia.net/img/cache/200-square/VqbcmM/2024/11/28/4472b2dc-d70d-4da7-b788-b5fa0a17c0fe.jpg.webp?ect=4g,https://www.tokopedia.com/overtimebasketballstore/sepatu-basket-air-jordan-4rm-iron-grey-fq7939-002?extParam=ivf%3Dfalse%26keyword%3Dair+jordan%26search_id%3D2025043003235230BCD189704A6420EJL5%26src%3Dsearch
34,Sepatu Sneakers Original Nike Air Jordan 1 High D*Or Grey White BNIB,Rp900.000,https://images.tokopedia.net/img/cache/200-square/VqbcmM/2024/12/23/f7f70a74-f294-4850-b050-7d50e9763b05.jpg.webp?ect=4g,https://www.tokopedia.com/luckone-sneakers/sepatu-sneakers-original-nike-air-jordan-1-high-d-or-grey-white-bnib-45-f7a1a?extParam=ivf%3Dfalse%26keyword%3Dair+jordan%26search_id%3D2025043003235230BCD189704A6420EJL5%26src%3Dsearch
35,Air Jordan 1 Retro Low OG Black Toe Authentic,Rp2.369.000,https://images.tokopedia.net/img/cache/200-square/VqbcmM/2023/11/2/958d1d4c-cf04-4ee1-9ac9-df0876075378.jpg.webp?ect=4g,https://www.tokopedia.com/trueogkicks/air-jordan-1-retro-low-og-black-toe-authentic-gs-36-5-7d813?extParam=ivf%3Dtrue%26keyword%3Dair+jordan%26search_id%3D2025043003235230BCD189704A6420EJL5%26src%3Dsearch
36,Sepatu sneaker Wmns NIKE Air Jordan 1 Low Pink Oxford DC0774-162,Rp1.383.200,https://images.tokopedia.net/img/cache/200-square/VqbcmM/2024/10/22/bc154b47-301f-4672-af09-1f57f329ce85.jpg.webp?ect=4g,https://www.tokopedia.com/overtimebasketballstore/sepatu-sneaker-wmns-nike-air-jordan-1-low-pink-oxford-dc0774-162?extParam=ivf%3Dfalse%26keyword%3Dair+jordan%26search_id%3D2025043003235230BCD189704A6420EJL5%26src%3Dsearch
37,Celana Basket Air Jordan Dri-Fit Diamond Shorts Black Original Dx1487-,Rp239.500,https://images.tokopedia.net/img/cache/200-square/hDjmkQ/2025/1/15/197f6e51-2a33-4756-b034-e1ebf74bfe46.png.webp?ect=4g,https://www.tokopedia.com/ncrsport/celana-basket-air-jordan-dri-fit-diamond-shorts-black-original-dx1487-1730786768086861567?extParam=ivf%3Dfalse%26keyword%3Dair+jordan%26search_id%3D2025043003235230BCD189704A6420EJL5%26src%3Dsearch
38,Nike Air Jordan 1 Low Bred Toe 100% Original,Rp1.579.000,https://images.tokopedia.net/img/cache/200-square/VqbcmM/2023/10/10/df24441a-a33a-4e50-9a91-96cbaa520f2d.jpg.webp?ect=4g,https://www.tokopedia.com/trueogkicks/nike-air-jordan-1-low-bred-toe-100-original-gs-36-5-8a947?extParam=ivf%3Dtrue%26keyword%3Dair+jordan%26search_id%3D2025043003235230BCD189704A6420EJL5%26src%3Dsearch
39,Sepatu Basket Wanita Air Jordan 1 Low Strawberry Milk DC0774-162,Rp864.900,https://images.tokopedia.net/img/cache/200-square/VqbcmM/2024/10/14/33f5e877-708c-4000-a7f9-cbea40e5ad24.jpg.webp?ect=4g,https://www.tokopedia.com/homecourtofficial/sepatu-basket-wanita-air-jordan-1-low-strawberry-milk-dc0774-162?extParam=ivf%3Dfalse%26keyword%3Dair+jordan%26search_id%3D2025043003235230BCD189704A6420EJL5%26src%3Dsearch
40,sepatu air jordan 1 high kualitas premium original,Rp168.000,https://images.tokopedia.net/img/cache/200-square/VqbcmM/2022/3/29/c52be5b9-0e8b-4c7b-b4a8-591bf283316c.jpg.webp?ect=4g,https://www.tokopedia.com/bogorsneakers/sepatu-air-jordan-1-high-kualitas-premium-original-a8-38?extParam=ivf%3Dfalse%26keyword%3Dair+jordan%26search_id%3D2025043003235230BCD189704A6420EJL5%26src%3Dsearch
41,Air Jordan 1 Low Jade Smoke Authentic,Rp1.999.000,https://images.tokopedia.net/img/cache/200-square/VqbcmM/2024/5/23/00ec4563-f630-4aba-910a-59a4646ce0f8.jpg.webp?ect=4g,https://www.tokopedia.com/trueogkicks/air-jordan-1-low-jade-smoke-authentic-38-5-482e4?extParam=ivf%3Dtrue%26keyword%3Dair+jordan&src=topads
42,Air Jordan 1 Low Cardinal Red 43 BNIB Original Receipt Ada,Rp3.599.000,https://images.tokopedia.net/img/cache/200-square/VqbcmM/2023/1/15/4c2a4944-33fc-453d-a603-5d4c14f22fe7.jpg.webp?ect=4g,https://www.tokopedia.com/manydreams/air-jordan-1-low-cardinal-red-43-bnib-original-receipt-ada?extParam=ivf%3Dfalse%26keyword%3Dair+jordan&src=topads
43,Nike Air Jordan 1 Mid SE Valentine's Day Flowers (W) Authentic - 39,Rp1.899.000,https://images.tokopedia.net/img/cache/200-square/VqbcmM/2023/3/16/f676c8ed-249f-470b-a17c-88c2afd8aca3.jpg.webp?ect=4g,https://www.tokopedia.com/trueogkicks/nike-air-jordan-1-mid-se-valentine-s-day-flowers-w-authentic-39?extParam=ivf%3Dfalse%26keyword%3Dair+jordan&src=topads
44,"Air Jordan 1 Low OG Zion Williamson ""Voodoo"" - BNIB Original 100%",Rp6.799.999,https://images.tokopedia.net/img/cache/200-square/VqbcmM/2024/12/18/eaecfd2a-ecc1-4d41-ba7a-07f221bb11cc.jpg.webp?ect=4g,https://www.tokopedia.com/omgsneakers/air-jordan-1-low-og-zion-williamson-voodoo-bnib-original-100-41?extParam=ivf%3Dfalse%26keyword%3Dair+jordan&src=topads
45,Nike Air Jordan 1 Low Wolf Grey (W) 100% Original,Rp2.269.000,https://images.tokopedia.net/img/cache/200-square/VqbcmM/2021/8/7/534b8868-64b0-4425-9b4a-42397599f764.png.webp?ect=4g,https://www.tokopedia.com/trueogkicks/nike-air-jordan-1-low-wolf-grey-w-100-original-36-d7d8a?extParam=ivf%3Dfalse%26keyword%3Dair+jordan&src=topads
46,Air Jordan 1 Retro High OG Lost and Found,Rp4.099.000,https://images.tokopedia.net/img/cache/200-square/VqbcmM/2022/11/10/33a9fead-9738-44bf-9031-0d8cd8e8af25.jpg.webp?ect=4g,https://www.tokopedia.com/variantid-1/air-jordan-1-retro-high-og-lost-and-found-5y-7y?extParam=ivf%3Dfalse%26keyword%3Dair+jordan%26search_id%3D2025043003235230BCD189704A6420EJL5%26src%3Dsearch
47,SANDAL CASUAL AIR JORDAN ORIGINAL BREAK SLIDES BLACK WHITE AR6374-016,Rp249.500,https://images.tokopedia.net/img/cache/200-square/hDjmkQ/2024/11/23/a84b722e-c88b-484e-80ab-171b66a6771d.png.webp?ect=4g,https://www.tokopedia.com/ncrsport/sandal-casual-air-jordan-original-break-slides-black-white-ar6374-016-12-46-b77fb?extParam=ivf%3Dfalse%26keyword%3Dair+jordan%26search_id%3D2025043003235230BCD189704A6420EJL5%26src%3Dsearch
48,"Sepatu Basket Wanita Air Jordan 1 Low SE ""Velvet Black Toe"" FZ3242-001",Rp1.551.200,https://images.tokopedia.net/img/cache/200-square/VqbcmM/2025/1/17/573f5965-e40c-4625-ba12-63e2b9d60e16.jpg.webp?ect=4g,https://www.tokopedia.com/hoopsindonesia/sepatu-basket-wanita-air-jordan-1-low-se-velvet-black-toe-fz3242-001-1730793620986234830?extParam=ivf%3Dfalse%26keyword%3Dair+jordan%26search_id%3D2025043003235230BCD189704A6420EJL5%26src%3Dsearch
49,Air Jordan 1 Low OG Shadow Authentic,Rp2.949.000,https://images.tokopedia.net/img/cache/200-square/VqbcmM/2024/5/23/415fa481-98aa-4cf1-b02f-113945c30fca.jpg.webp?ect=4g,https://www.tokopedia.com/trueogkicks/air-jordan-1-low-og-shadow-authentic-44-cf301?extParam=ivf%3Dtrue%26keyword%3Dair+jordan%26search_id%3D2025043003235230BCD189704A6420EJL5%26src%3Dsearch
50,Casing iPhone Air Jordan 7+ 8+ X/Xs Xr XsMax 11 12 13 14 15 Pro/ProMax,Rp112.500,https://images.tokopedia.net/img/cache/200-square/VqbcmM/2024/5/28/148f898a-e0e7-45a4-8576-2146bd68d10a.jpg.webp?ect=4g,https://www.tokopedia.com/ishield-case/casing-iphone-air-jordan-7-8-x-xs-xr-xsmax-11-12-13-14-15-pro-promax-hitam-15-pro-promax-80d9d?extParam=ivf%3Dfalse%26keyword%3Dair+jordan%26search_id%3D2025043003235230BCD189704A6420EJL5%26src%3Dsearch
51,AIR JORDAN DUFFLE BAG BLACK LOGO GOLD,Rp300.000,https://images.tokopedia.net/img/cache/200-square/VqbcmM/2024/9/30/4d611421-e0cf-4a6c-bc18-8eec2709c2ce.jpg.webp?ect=4g,https://www.tokopedia.com/warriorsofficialstore/air-jordan-duffle-bag-black-logo-gold?extParam=ivf%3Dfalse%26keyword%3Dair+jordan%26search_id%3D2025043003235230BCD189704A6420EJL5%26src%3Dsearch
52,Sepatu Basket Air Jordan Aj 38 Low Pf Gamma Blue Original,Rp1.179.600,https://images.tokopedia.net/img/cache/200-square/hDjmkQ/2024/10/28/5047590f-64d5-47b3-8e4d-b655179d6693.png.webp?ect=4g,https://www.tokopedia.com/ncrsport/sepatu-basket-air-jordan-aj-38-low-pf-gamma-blue-original-12-46-a629d?extParam=ivf%3Dfalse%26keyword%3Dair+jordan%26search_id%3D2025043003235230BCD189704A6420EJL5%26src%3Dsearch
53,Air Jordan 4RM x Nigel Sylvester 'Driveway Grey' HF4334-004 Mens,Rp1.104.150,https://images.tokopedia.net/img/cache/200-square/VqbcmM/2025/2/6/be2e0164-16cc-44c0-a384-87876eca7b23.png.webp?ect=4g,https://www.tokopedia.com/2trustedoff/air-jordan-4rm-x-nigel-sylvester-driveway-grey-hf4334-004-mens-1730838425216321291?extParam=ivf%3Dfalse%26keyword%3Dair+jordan%26search_id%3D2025043003235230BCD189704A6420EJL5%26src%3Dsearch
54,Off White Air Force 1 Mid Black ( not Yeezy Jordan Dunk ) - 100% Authentic Original Guaranteed,Rp4.390.000,https://images.tokopedia.net/img/cache/200-square/VqbcmM/2022/6/24/2f32d490-ff83-4960-99dd-60920b259ff1.jpg.webp?ect=4g,https://www.tokopedia.com/hotsauceid/off-white-air-force-1-mid-black-not-yeezy-jordan-dunk-100-authentic-original-guaranteed-size-lain-4baeb?extParam=ivf%3Dfalse%26keyword%3Dair+jordan%26search_id%3D2025043003235230BCD189704A6420EJL5%26src%3Dsearch
55,AIR JORDAN 1 LEGACY 312 TORO,Rp4.500.000,https://images.tokopedia.net/img/cache/200-square/VqbcmM/2023/7/26/98c6570c-d4c4-442e-9e2c-e8e13c31b8b1.jpg.webp?ect=4g,https://www.tokopedia.com/badassmonkeyid/air-jordan-1-legacy-312-toro-9-3b0ba?extParam=ivf%3Dfalse%26keyword%3Dair+jordan%26search_id%3D2025043003235230BCD189704A6420EJL5%26src%3Dsearch
56,Airpods Case 1 2 3 Pro Nike Air Jordan One Chicago High Blue Jordan,Rp90.000,https://images.tokopedia.net/img/cache/200-square/VqbcmM/2022/2/15/0313d043-afe2-4d5d-b011-b8f760006dd8.jpg.webp?ect=4g,https://www.tokopedia.com/airpodscaseindo/airpods-case-1-2-3-pro-nike-air-jordan-one-chicago-high-blue-jordan-biru-airpods-1-2?extParam=ivf%3Dfalse%26keyword%3Dair+jordan%26search_id%3D2025043003235230BCD189704A6420EJL5%26src%3Dsearch
57,Air Jordan 1 Retro Low OG ZION WILLIAMSON VooDoo (100% BNIB),Rp569.000,https://images.tokopedia.net/img/cache/200-square/VqbcmM/2025/4/19/d5674267-24fb-4249-9e2d-57c9445a8ffe.jpg.webp?ect=4g,https://www.tokopedia.com/sneakerspedia19/air-jordan-1-retro-low-og-zion-williamson-voodoo-100-bnib-1731201618432591449?extParam=ivf%3Dfalse%26keyword%3Dair+jordan%26search_id%3D2025043003235230BCD189704A6420EJL5%26src%3Dsearch
58,Sepatu Original Air Jordan 1 Low Fragment x Traviss Scott Blue BNIB,Rp850.000,https://images.tokopedia.net/img/cache/200-square/VqbcmM/2024/9/14/52e43ed0-891a-4c54-88ff-78a4037c2927.jpg.webp?ect=4g,https://www.tokopedia.com/luckone-sneakers/sepatu-original-air-jordan-1-low-fragment-x-traviss-scott-blue-bnib-44-e6643?extParam=ivf%3Dfalse%26keyword%3Dair+jordan%26search_id%3D2025043003235230BCD189704A6420EJL5%26src%3Dsearch
59,NIKE AIR JORDAN 1 LOW OG MOCHA,Rp2.250.000,https://images.tokopedia.net/img/cache/200-square/VqbcmM/2024/8/27/a6077500-4fba-4ba3-9c55-53ba1cb03264.jpg.webp?ect=4g,https://www.tokopedia.com/walksneak/nike-air-jordan-1-low-og-mocha-7y-40-5f9ea?extParam=ivf%3Dfalse%26keyword%3Dair+jordan%26search_id%3D2025043003235230BCD189704A6420EJL5%26src%3Dsearch
60,Sepatu Basket Air Jordan Zion 3 Pf Pressure Pear Original,Rp879.600,https://images.tokopedia.net/img/cache/200-square/hDjmkQ/2024/10/18/ee3b7abc-3e23-487d-994c-c1ea5f20528b.png.webp?ect=4g,https://www.tokopedia.com/ncrsport/sepatu-basket-air-jordan-zion-3-pf-pressure-pear-original-7-40-2f368?extParam=ivf%3Dfalse%26keyword%3Dair+jordan%26search_id%3D2025043003235230BCD189704A6420EJL5%26src%3Dsearch
61,Air Jordan 1 Retro High OG Black Toe Reimagined 100% Authentic,Rp3.799.000,https://images.tokopedia.net/img/cache/200-square/VqbcmM/2025/2/17/f926d9b6-a29b-416c-8175-d76947e64b24.jpg.webp?ect=4g,https://www.tokopedia.com/sneakers4play/air-jordan-1-retro-high-og-black-toe-reimagined-100-authentic-1730875683180152347?extParam=ivf%3Dfalse%26keyword%3Dair+jordan%26search_id%3D2025043003235230BCD189704A6420EJL5%26src%3Dsearch
62,Sepatu Basket Wanita Air Jordan 3 Retro Women's Black Gold CK9246-067,Rp866.700,https://images.tokopedia.net/img/cache/200-square/VqbcmM/2023/5/31/cb360323-f65e-4cab-875f-0ff511ab8b07.jpg.webp?ect=4g,https://www.tokopedia.com/allstarbasketball/sepatu-basket-wanita-air-jordan-3-retro-women-s-black-gold-ck9246-067?extParam=ivf%3Dfalse%26keyword%3Dair+jordan%26search_id%3D2025043003235230BCD189704A6420EJL5%26src%3Dsearch
63,Sepatu Air Jordan 5 Retro OG Black Metallic Reimagined GS Limited Stock,Rp3.500.000,https://images.tokopedia.net/img/cache/200-square/VqbcmM/2025/2/5/c29d8fba-faf3-4382-958c-5557ad228e08.jpg.webp?ect=4g,https://www.tokopedia.com/tiga-garis/sepatu-air-jordan-5-retro-og-black-metallic-reimagined-gs-limited-stock-1730835209474311466?extParam=ivf%3Dfalse%26keyword%3Dair+jordan%26search_id%3D2025043003235230BCD189704A6420EJL5%26src%3Dsearch
64,Baju kaos air jordan shirt distro Pria Dewasa Lengan Pendek Katun,Rp61.750,https://images.tokopedia.net/img/cache/200-square/VqbcmM/2023/12/13/fb04f13e-febb-4bb8-8200-3126680452e5.jpg.webp?ect=4g,https://www.tokopedia.com/yuliadarmawati01/baju-kaos-air-jordan-shirt-distro-pria-dewasa-lengan-pendek-katun-var-05-l-015ec?extParam=ivf%3Dfalse%26keyword%3Dair+jordan%26search_id%3D2025043003235230BCD189704A6420EJL5%26src%3Dsearch
65,AIR JORDAN JUMPMAN JACK TRAVIS SCOTT DARK MOCHA 100% Authentic,Rp5.999.000,https://images.tokopedia.net/img/cache/200-square/VqbcmM/2024/12/24/22aa6639-be69-4d4f-8004-b56b80bcbacd.jpg.webp?ect=4g,https://www.tokopedia.com/dhypeid/air-jordan-jumpman-jack-travis-scott-dark-mocha-100-authentic?extParam=ivf%3Dfalse%26keyword%3Dair+jordan%26search_id%3D2025043003235230BCD189704A6420EJL5%26src%3Dsearch
66,Air Jordan 1 Low Midnight Navy Authentic,Rp2.269.000,https://images.tokopedia.net/img/cache/200-square/VqbcmM/2024/6/26/b11f76a7-2e64-42be-8c17-225c395fedbe.jpg.webp?ect=4g,https://www.tokopedia.com/trueogkicks/air-jordan-1-low-midnight-navy-authentic-m-10-5-eu44-5-18b01?extParam=ivf%3Dtrue%26keyword%3Dair+jordan%26search_id%3D2025043003235230BCD189704A6420EJL5%26src%3Dsearch
67,Air Jordan Jumpman Slide Black Gold Original BNIB,Rp479.400,https://images.tokopedia.net/img/cache/200-square/VqbcmM/2024/11/17/c61e5039-46bf-4835-b64b-37bdcd320f18.jpg.webp?ect=4g,https://www.tokopedia.com/speakas/air-jordan-jumpman-slide-black-gold-original-bnib-40-25cm-f632f?extParam=ivf%3Dfalse%26keyword%3Dair+jordan%26search_id%3D2025043003235230BCD189704A6420EJL5%26src%3Dsearch
68,Sneakers Nike Air Jordan 1 Low 'White Wolf Grey' Original BNIB,Rp1.049.000,https://images.tokopedia.net/img/cache/200-square/VqbcmM/2024/1/23/3b29026a-a48b-4424-8550-5b917216870e.png.webp?ect=4g,https://www.tokopedia.com/itssneakers/sneakers-nike-air-jordan-1-low-white-wolf-grey-original-bnib-38-5dffb?extParam=ivf%3Dfalse%26keyword%3Dair+jordan%26search_id%3D2025043003235230BCD189704A6420EJL5%26src%3Dsearch
69,Sepatu Air Jordan 5 Retro OG Black Metallic Reimagined Mens Limited Edition,Rp4.700.000,https://images.tokopedia.net/img/cache/200-square/VqbcmM/2025/2/5/7d7ec9be-f054-43d0-926b-ae5cc6192364.jpg.webp?ect=4g,https://www.tokopedia.com/tiga-garis/sepatu-air-jordan-5-retro-og-black-metallic-reimagined-mens-limited-edition-1730835207252444458?extParam=ivf%3Dfalse%26keyword%3Dair+jordan%26search_id%3D2025043003235230BCD189704A6420EJL5%26src%3Dsearch
70,Union LA x Air Jordan 1 Retro High OG SP 'Chicago Shadow',Rp2.500.000,https://images.tokopedia.net/img/cache/200-square/VqbcmM/2025/3/27/e79115c0-3615-48dc-866a-d85b38d43dd0.jpg.webp?ect=4g,https://www.tokopedia.com/666sof/union-la-x-air-jordan-1-retro-high-og-sp-chicago-shadow-1730770058325689937?extParam=ivf%3Dfalse%26keyword%3Dair+jordan%26search_id%3D2025043003235230BCD189704A6420EJL5%26src%3Dsearch
71,Nike Air Jordan 1 Mid Triple White 100% Original,Rp1.579.000,https://images.tokopedia.net/img/cache/200-square/VqbcmM/2022/11/27/9bbcd0ef-d6a7-4896-9815-dd13a1dd1fef.jpg.webp?ect=4g,https://www.tokopedia.com/trueogkicks/nike-air-jordan-1-mid-triple-white-100-original-38?extParam=ivf%3Dfalse%26keyword%3Dair+jordan%26search_id%3D2025043003235230BCD189704A6420EJL5%26src%3Dsearch
72,Air Jordan 1 Low Black White Panda 2023 (100% Authentic),Rp2.299.000,https://images.tokopedia.net/img/cache/200-square/VqbcmM/2024/12/14/9a857396-ae67-4e74-8780-96a74761978f.jpg.webp?ect=4g,https://www.tokopedia.com/senikersku/air-jordan-1-low-black-white-panda-2023-100-authentic-37-5?extParam=ivf%3Dfalse%26keyword%3Dair+jordan%26search_id%3D2025043003235230BCD189704A6420EJL5%26src%3Dsearch%26whid%3D14090343
73,AIR JORDAN 1 HIGH ZOOM AIR CMFT 25 YEARS IN CHINA (W) 100% Authentic,Rp2.199.000,https://images.tokopedia.net/img/cache/200-square/VqbcmM/2022/12/6/988a32aa-4290-48ca-b97d-c707d1838286.jpg.webp?ect=4g,https://www.tokopedia.com/dhypeid/air-jordan-1-high-zoom-air-cmft-25-years-in-china-w-100-authentic-36-5?extParam=ivf%3Dfalse%26keyword%3Dair+jordan%26search_id%3D2025043003235230BCD189704A6420EJL5%26src%3Dsearch
74,Air Jordan 5 Fire Red Silver Tounge ORIGINAL,Rp1.995.000,https://images.tokopedia.net/img/cache/200-square/VqbcmM/2023/8/4/55bec0a5-4030-4791-ace1-21bad5e04d84.jpg.webp?ect=4g,https://www.tokopedia.com/badassical/air-jordan-5-fire-red-silver-tounge-original-42-07ee9?extParam=ivf%3Dfalse%26keyword%3Dair+jordan%26search_id%3D2025043003235230BCD189704A6420EJL5%26src%3Dsearch
75,AIR JORDAN 12 RETRO FLU GAME 2016 (GS) ORIGINAL SNEAKERS,Rp6.500.000,https://images.tokopedia.net/img/cache/200-square/VqbcmM/2022/2/10/0c663564-ebcc-445c-97fb-9cf8aba96576.png.webp?ect=4g,https://www.tokopedia.com/badassmonkeyid/air-jordan-12-retro-flu-game-2016-gs-original-sneakers-us7y?extParam=ivf%3Dfalse%26keyword%3Dair+jordan%26search_id%3D2025043003235230BCD189704A6420EJL5%26src%3Dsearch
76,Air Jordan 4 Bred Reimagined,Rp2.200.000,https://images.tokopedia.net/img/cache/200-square/VqbcmM/2025/2/16/ce65d598-a0af-4fb3-91ba-5a22e2d139f1.jpg.webp?ect=4g,https://www.tokopedia.com/nicholasryan/air-jordan-4-bred-reimagined-1730873266681251786?extParam=ivf%3Dfalse%26keyword%3Dair+jordan%26search_id%3D2025043003235230BCD189704A6420EJL5%26src%3Dsearch
77,ORIGINAL AIR JORDAN WAIST BAG WAISTBAG TAS PINGGANG CROSS BODY,Rp1.200.000,https://images.tokopedia.net/img/cache/200-square/VqbcmM/2021/10/26/5daf36d0-cc1d-4a97-b2bd-6b94e1688f1a.jpg.webp?ect=4g,https://www.tokopedia.com/zia-gemstone/original-air-jordan-waist-bag-waistbag-tas-pinggang-cross-body?extParam=ivf%3Dfalse%26keyword%3Dair+jordan%26search_id%3D2025043003235230BCD189704A6420EJL5%26src%3Dsearch
78,Air Jordan 1 Low Shadow Brown Mocha Authentic,Rp1.999.000,https://images.tokopedia.net/img/cache/200-square/VqbcmM/2023/7/12/091caf8b-22db-4b8c-9b0f-b1889e075724.png.webp?ect=4g,https://www.tokopedia.com/trueogkicks/air-jordan-1-low-shadow-brown-mocha-authentic-35-5-7bff8?extParam=ivf%3Dfalse%26keyword%3Dair+jordan%26search_id%3D2025043003235230BCD189704A6420EJL5%26src%3Dsearch
79,Kaos Kaki Air Jordan AJ dry fit medium cutting,Rp35.000,https://images.tokopedia.net/img/cache/200-square/hDjmkQ/2024/7/24/a30be2d4-5071-4af2-ae98-567ca92496e2.jpg.webp?ect=4g,https://www.tokopedia.com/kingmobile/kaos-kaki-air-jordan-aj-dry-fit-medium-cutting-putih-1-pasang?extParam=ivf%3Dfalse%26keyword%3Dair+jordan%26search_id%3D2025043003235230BCD189704A6420EJL5%26src%3Dsearch
80,Air Jordan 1 High OG SP Union LA Chicago Shadow Kickwho GK,Rp2.799.999,https://images.tokopedia.net/img/cache/200-square/VqbcmM/2025/3/12/d056bd30-ff07-47d8-a217-14a99c0d6ae5.jpg.webp?ect=4g,https://www.tokopedia.com/godkillergoodsidn/air-jordan-1-high-og-sp-union-la-chicago-shadow-kickwho-gk-1731029894631818780?extParam=ivf%3Dfalse%26keyword%3Dair+jordan%26search_id%3D2025043003235230BCD189704A6420EJL5%26src%3Dsearch
81,Air Jordan 1 Low GOLF x Travis Scott Neutral Olive Lemon Black Sail - 45,Rp2.199.000,https://images.tokopedia.net/img/cache/200-square/VqbcmM/2024/5/18/430e521a-f814-40e2-8e1d-b0dec98ea5ab.jpg.webp?ect=4g,https://www.tokopedia.com/gdbb/air-jordan-1-low-golf-x-travis-scott-neutral-olive-lemon-black-sail-45-24838?extParam=ivf%3Dfalse%26keyword%3Dair+jordan&src=topads
82,Air Jordan 1 Retro Low OG Howard University Authentic - 41,Rp2.629.000,https://images.tokopedia.net/img/cache/200-square/VqbcmM/2024/11/29/ad450c8c-0097-418f-a18a-fc4d54460bdb.jpg.webp?ect=4g,https://www.tokopedia.com/trueogkicks/air-jordan-1-retro-low-og-howard-university-authentic-41-bc23f?extParam=ivf%3Dtrue%26keyword%3Dair+jordan&src=topads
83,Air Jordan 1 Low Travis Scott Black Phantom Allblack Fullblack,Rp2.199.000,https://images.tokopedia.net/img/cache/200-square/VqbcmM/2024/7/20/0f782c35-8a93-44f4-8562-f33a96b5988e.jpg.webp?ect=4g,https://www.tokopedia.com/gdbb/air-jordan-1-low-travis-scott-black-phantom-allblack-fullblack-44-5-d2e3d?extParam=ivf%3Dfalse%26keyword%3Dair+jordan&src=topads
84,AIR JORDAN 1 RETRO HIGH LOST AND FOUND CHICAGO REIMAGINED DZ5485-612,Rp5.499.000,https://images.tokopedia.net/img/cache/200-square/VqbcmM/2022/11/19/1cfc25d5-ac84-49fc-8d88-fe3f52fe27ca.jpg.webp?ect=4g,https://www.tokopedia.com/sneakers-idvault/air-jordan-1-retro-high-lost-and-found-chicago-reimagined-dz5485-612-7-40?extParam=ivf%3Dfalse%26keyword%3Dair+jordan&src=topads
85,Air Jordan 1 Low Black Croc Patent (W) - BNIB Original 100%,Rp2.799.999,https://images.tokopedia.net/img/cache/200-square/VqbcmM/2024/8/14/e33b9431-ed0b-4f77-94c6-767f8e249c18.jpg.webp?ect=4g,https://www.tokopedia.com/omgsneakers/air-jordan-1-low-black-croc-patent-w-bnib-original-100-40-5-65d0f?extParam=ivf%3Dfalse%26keyword%3Dair+jordan&src=topads
86,Nike Air Jordan 1 Retro High OG Patent Bred 100% Original,Rp3.419.000,https://images.tokopedia.net/img/cache/200-square/VqbcmM/2022/2/16/ca17a587-4277-445e-ba18-fb26ac6c1c50.png.webp?ect=4g,https://www.tokopedia.com/trueogkicks/nike-air-jordan-1-retro-high-og-patent-bred-100-original-42?extParam=ivf%3Dfalse%26keyword%3Dair+jordan&src=topads
87,Air Jordan 1 Low Vintage UNC Grey Tokyo 96 - BNIB Original 100%,Rp2.799.999,https://images.tokopedia.net/img/cache/200-square/VqbcmM/2024/10/22/f266d6d0-0a2f-415f-b7fd-f56d716dd96e.jpg.webp?ect=4g,https://www.tokopedia.com/omgsneakers/air-jordan-1-low-vintage-unc-grey-tokyo-96-bnib-original-100-41-13a26?extParam=ivf%3Dfalse%26keyword%3Dair+jordan&src=topads
88,Air Jordan 1 Low SE Tan Brown Authentic,Rp1.999.000,https://images.tokopedia.net/img/cache/200-square/VqbcmM/2024/7/17/b813a4dc-c5e3-4b41-a12f-3078f88c1eb6.jpg.webp?ect=4g,https://www.tokopedia.com/trueogkicks/air-jordan-1-low-se-tan-brown-authentic-44-5-45f41?extParam=ivf%3Dtrue%26keyword%3Dair+jordan&src=topads
89,Air Jordan 1 Low Fragment Travis Scott Authentic,Rp37.000.000,https://images.tokopedia.net/img/cache/200-square/VqbcmM/2023/12/14/9011b8ef-89d5-4f2d-adba-87de03906bd3.jpg.webp?ect=4g,https://www.tokopedia.com/omgsneakers/air-jordan-1-low-fragment-travis-scott-authentic-42?extParam=ivf%3Dfalse%26keyword%3Dair+jordan&src=topads
90,Nike Air Jordan 1 Mid Tiki Leaf Red 100% Original Guarantee,Rp1.299.000,https://images.tokopedia.net/img/cache/200-square/hDjmkQ/2024/12/3/611666b3-3baf-454b-a02f-412058e8b19b.jpg.webp?ect=4g,https://www.tokopedia.com/paldaprojectt/nike-air-jordan-1-mid-tiki-leaf-red-100-original-guarantee-6-5-37-5-e19f1?extParam=ivf%3Dfalse%26keyword%3Dair+jordan&src=topads
91,Air Jordan 1 High OG SP Union LA Chicago Shadow Kickwho GK,Rp2.799.999,https://images.tokopedia.net/img/cache/200-square/VqbcmM/2025/3/12/d056bd30-ff07-47d8-a217-14a99c0d6ae5.jpg.webp?ect=4g,https://www.tokopedia.com/godkillergoodsidn/air-jordan-1-high-og-sp-union-la-chicago-shadow-kickwho-gk-1731029894631818780?extParam=ivf%3Dfalse%26keyword%3Dair+jordan%26src%3Dsearch
92,Air Jordan 1 Low Travis Scott Black Phantom Allblack Fullblack,Rp2.199.000,https://images.tokopedia.net/img/cache/200-square/VqbcmM/2024/7/20/0f782c35-8a93-44f4-8562-f33a96b5988e.jpg.webp?ect=4g,https://www.tokopedia.com/gdbb/air-jordan-1-low-travis-scott-black-phantom-allblack-fullblack-44-5-d2e3d?extParam=ivf%3Dfalse%26keyword%3Dair+jordan%26src%3Dsearch
93,Tali Sepatu Air Jordan Retro 1985 - Flat Basic Color,Rp80.000,https://images.tokopedia.net/img/cache/200-square/VqbcmM/2023/11/21/323b0655-63a0-491b-9eea-12ee3f3b9677.jpg.webp?ect=4g,https://www.tokopedia.com/laceupshoelaces/tali-sepatu-air-jordan-retro-1985-flat-basic-color-white-sail-180cm-ca5dc?extParam=ivf%3Dfalse%26keyword%3Dair+jordan%26src%3Dsearch
94,Nike Air Terra Hot Step NOCTA Black (not Jordan Dunk Yeezy Sacai) - 100% Authentic Original Guaranteed,Rp3.950.000,https://images.tokopedia.net/img/cache/200-square/VqbcmM/2022/3/31/a07c00be-c667-4fa9-8347-d22803bd22d7.jpg.webp?ect=4g,https://www.tokopedia.com/hotsauceid/nike-air-terra-hot-step-nocta-black-not-jordan-dunk-yeezy-sacai-100-authentic-original-guaranteed-7-5-eb542?extParam=ivf%3Dfalse%26keyword%3Dair+jordan%26src%3Dsearch
95,Air Jordan 1 Retro High OG Bred Auction,Rp4.399.000,https://images.tokopedia.net/img/cache/200-square/VqbcmM/2022/1/27/0b33c065-8f73-47c4-b5f0-c21d993402df.jpg.webp?ect=4g,https://www.tokopedia.com/myshoesballers/air-jordan-1-retro-high-og-bred-auction?extParam=ivf%3Dfalse%26keyword%3Dair+jordan%26src%3Dsearch
96,Air Jordan 1 Low White Black Metallic Gold Swoosh Authentic - GS 5.5Y/EU38,Rp1.579.000,https://images.tokopedia.net/img/cache/200-square/VqbcmM/2024/8/20/a3445003-22c3-4ce3-be7d-4e2e56d1c6fa.jpg.webp?ect=4g,https://www.tokopedia.com/trueogkicks/air-jordan-1-low-white-black-metallic-gold-swoosh-authentic-gs-5-5y-eu38-a5f0c?extParam=ivf%3Dfalse%26keyword%3Dair+jordan&src=topads
97,"Air Jordan 1 High Yellow Toe ""Taxi"" - BNIB Original 100%",Rp2.799.999,https://images.tokopedia.net/img/cache/200-square/VqbcmM/2022/8/12/069b0168-6cca-4c12-8367-071ffd58eef7.jpg.webp?ect=4g,https://www.tokopedia.com/omgsneakers/air-jordan-1-high-yellow-toe-taxi-bnib-original-100-35-5-38-5-eur?extParam=ivf%3Dfalse%26keyword%3Dair+jordan&src=topads
98,Nike Air Jordan 1 High OG Chicago Lost and Found 100% Original - 41,Rp5.269.000,https://images.tokopedia.net/img/cache/200-square/VqbcmM/2022/11/5/509e41f2-3308-4798-88a8-d6bf3621e403.png.webp?ect=4g,https://www.tokopedia.com/trueogkicks/nike-air-jordan-1-high-og-chicago-lost-and-found-100-original-41-3e20c?extParam=ivf%3Dfalse%26keyword%3Dair+jordan&src=topads
99,Air Jordan 1 Low Iron Grey Men (100% Authentic),Rp1.999.000,https://images.tokopedia.net/img/cache/200-square/VqbcmM/2024/12/21/8c711239-5624-4b16-9001-c5f065d2486f.jpg.webp?ect=4g,https://www.tokopedia.com/senikersku/air-jordan-1-low-iron-grey-men-100-authentic-45-020c7?extParam=ivf%3Dfalse%26keyword%3Dair+jordan&src=topads
100,Nike Air Jordan 1 Mid Lakers (2022) 100% Original,Rp1.899.000,https://images.tokopedia.net/img/cache/200-square/VqbcmM/2022/11/25/675a586f-bd1d-4f08-bc13-4378fb84270d.png.webp?ect=4g,https://www.tokopedia.com/trueogkicks/nike-air-jordan-1-mid-lakers-2022-100-original-41?extParam=ivf%3Dfalse%26keyword%3Dair+jordan&src=topads
101,AIR JORDAN 1 RETRO HIGH BLOODLINE,Rp4.000.000,https://images.tokopedia.net/img/cache/200-square/VqbcmM/2023/9/3/31321cf5-d4ca-4cb0-b4c6-ed113bf71476.jpg.webp?ect=4g,https://www.tokopedia.com/badassmonkeyid/air-jordan-1-retro-high-bloodline-7-5?extParam=ivf%3Dfalse%26keyword%3Dair+jordan%26src%3Dsearch
102,Air Jordan 1 Low Iron Grey 553558-152,Rp1.383.200,https://images.tokopedia.net/img/cache/200-square/VqbcmM/2024/11/15/39763a3b-8697-4bc5-8965-a37d92e04290.jpg.webp?ect=4g,https://www.tokopedia.com/kresnacourt/air-jordan-1-low-iron-grey-553558-152?extParam=ivf%3Dfalse%26keyword%3Dair+jordan%26src%3Dsearch
103,Air Jordan 4 X Kaws Grey 100% BNIB PK GOD,Rp2.450.000,https://images.tokopedia.net/img/cache/200-square/VqbcmM/2021/4/14/b83e9ef3-7ff3-403c-a40e-9bd1c5136e4b.jpg.webp?ect=4g,https://www.tokopedia.com/sukasneakersid/air-jordan-4-x-kaws-grey-100-bnib-pk-god?extParam=ivf%3Dfalse%26keyword%3Dair+jordan%26src%3Dsearch
104,Air Jordan Velocity Duffle Bag,Rp239.999,https://images.tokopedia.net/img/cache/200-square/VqbcmM/2020/9/15/1dcecd0f-5766-40bb-970b-d2273f2b9f04.jpg.webp?ect=4g,https://www.tokopedia.com/lapakbasket/air-jordan-velocity-duffle-bag-putih?extParam=ivf%3Dfalse%26keyword%3Dair+jordan%26src%3Dsearch
105,Air Jordan 3 Black Cement Reimagined 100% Original,Rp3.299.000,https://images.tokopedia.net/img/cache/200-square/VqbcmM/2024/11/20/ef0ff922-be24-4c28-9c79-f09969f8f80d.jpg.webp?ect=4g,https://www.tokopedia.com/variantid-1/air-jordan-3-black-cement-reimagined-100-original-41-39bfb?extParam=ivf%3Dfalse%26keyword%3Dair+jordan%26src%3Dsearch
106,NIKE AIR JORDAN LETRO KIDS BLACK RED ORIGINAL,Rp500.000,https://images.tokopedia.net/img/cache/200-square/VqbcmM/2024/11/5/62bfc7b9-c667-4a07-b9d0-2be73b2e7691.png.webp?ect=4g,https://www.tokopedia.com/shoesjkt01/nike-air-jordan-letro-kids-black-red-original-27-79fdd?extParam=ivf%3Dfalse%26keyword%3Dair+jordan%26src%3Dsearch
107,air jordan woven essential pant,Rp355.000,https://images.tokopedia.net/img/cache/200-square/VqbcmM/2025/1/16/d4f087da-f2ac-4422-b1ae-6bfbf6e87a31.jpg.webp?ect=4g,https://www.tokopedia.com/terminalsports/air-jordan-woven-essential-pant-1730789546986145621?extParam=ivf%3Dfalse%26keyword%3Dair+jordan%26src%3Dsearch
108,AIR JORDAN 1 RETRO HIGH TIE DYE (PS) ORIGINAL SNEAKERS - 33.5,Rp1.600.000,https://images.tokopedia.net/img/cache/200-square/VqbcmM/2023/9/2/b5e0acb1-235c-46ec-867d-76784802e6bf.jpg.webp?ect=4g,https://www.tokopedia.com/badassmonkeyid/air-jordan-1-retro-high-tie-dye-ps-original-sneakers-33-5?extParam=ivf%3Dfalse%26keyword%3Dair+jordan%26src%3Dsearch
109,AIR JORDAN 1 RETRO HIGH UNC TOE 100% Authentic,Rp1.499.000,https://images.tokopedia.net/img/cache/200-square/VqbcmM/2023/7/24/f04f1098-890a-4e30-89dc-120ca91bd417.jpg.webp?ect=4g,https://www.tokopedia.com/dhypeid/air-jordan-1-retro-high-unc-toe-100-authentic-36-5-be632?extParam=ivf%3Dfalse%26keyword%3Dair+jordan%26src%3Dsearch
110,AIR JORDAN SWEATER HOODIE HYPEBEAST PREMIUM FULL TAG & LABEL UNISEX,Rp159.900,https://images.tokopedia.net/img/cache/200-square/VqbcmM/2022/1/4/2a0dcb59-09aa-4424-83bc-2b3bc0af87e3.jpg.webp?ect=4g,https://www.tokopedia.com/route88s/air-jordan-sweater-hoodie-hypebeast-premium-full-tag-label-unisex-hitam-m?extParam=ivf%3Dfalse%26keyword%3Dair+jordan%26src%3Dsearch
111,Air Jordan 1 Low 85 White Metallic Blue Navy - BNIB Original 100%,Rp3.399.999,https://images.tokopedia.net/img/cache/200-square/VqbcmM/2024/9/18/38526039-90b1-47cf-8e16-75e697ba3b02.jpg.webp?ect=4g,https://www.tokopedia.com/omgsneakers/air-jordan-1-low-85-white-metallic-blue-navy-bnib-original-100-41-021ae?extParam=ivf%3Dfalse%26keyword%3Dair+jordan&src=topads
112,Air Jordan 1 Mid White Gym Red Black Authentic - GS 37.5,Rp1.579.000,https://images.tokopedia.net/img/cache/200-square/VqbcmM/2023/6/28/4a1e8f47-daa0-49ab-90e8-173f502c13d3.png.webp?ect=4g,https://www.tokopedia.com/trueogkicks/air-jordan-1-mid-white-gym-red-black-authentic-gs-37-5-2ef3b?extParam=ivf%3Dfalse%26keyword%3Dair+jordan&src=topads
113,Air Jordan 4 Retro Bred Reimagined 2024 - BNIB Original 100%,Rp4.299.998,https://images.tokopedia.net/img/cache/200-square/VqbcmM/2024/2/16/878d10a2-34c7-4f27-96ec-18a676a50dfe.jpg.webp?ect=4g,https://www.tokopedia.com/omgsneakers/air-jordan-4-retro-bred-reimagined-2024-bnib-original-100-40-5-bd1de?extParam=ivf%3Dfalse%26keyword%3Dair+jordan&src=topads
114,Nike Air Jordan 1 Mid Light Smoke Grey Dior 100% Original - 44,Rp2.369.000,https://images.tokopedia.net/img/cache/200-square/VqbcmM/2022/10/31/e7ce403b-a378-4f16-8b55-0619d5966f1a.png.webp?ect=4g,https://www.tokopedia.com/trueogkicks/nike-air-jordan-1-mid-light-smoke-grey-dior-100-original-44-5f7d9?extParam=ivf%3Dfalse%26keyword%3Dair+jordan&src=topads
115,Air Jordan 3 OG Black Cement 2024 - BNIB Original 100%,Rp4.299.999,https://images.tokopedia.net/img/cache/200-square/VqbcmM/2024/11/28/009fb85a-a50d-45c4-b5f8-3e4541dd74fb.jpg.webp?ect=4g,https://www.tokopedia.com/omgsneakers/air-jordan-3-og-black-cement-2024-bnib-original-100-41-4eb8c?extParam=ivf%3Dfalse%26keyword%3Dair+jordan&src=topads
116,Sepatu Sneaker Air Jordan Diskon Murah Berkualitas,Rp54.999,https://images.tokopedia.net/img/cache/200-square/VqbcmM/2024/3/26/877bdee4-e7cd-4dc7-b7e7-e02c5f5923ea.jpg.webp?ect=4g,https://www.tokopedia.com/max30sport/sepatu-sneaker-air-jordan-diskon-murah-berkualitas-39-91dc5?extParam=ivf%3Dfalse%26keyword%3Dair+jordan%26src%3Dsearch
117,Air Jordan 1 High Rebellionaire,Rp3.350.000,https://images.tokopedia.net/img/cache/200-square/VqbcmM/2022/7/17/3636ef34-445c-4816-a787-add65cfda60e.jpg.webp?ect=4g,https://www.tokopedia.com/viszzstore/air-jordan-1-high-rebellionaire-8?extParam=ivf%3Dfalse%26keyword%3Dair+jordan%26src%3Dsearch
118,Nike Air Max Tailwind V Skepta Chrome Blue (not Jordan Dunk Yeezy) - 100% Authentic Original Guaranteed,Rp8.000.000,https://images.tokopedia.net/img/cache/200-square/VqbcmM/2021/4/9/93f5a44d-eaed-485c-951e-3b5f29348454.jpg.webp?ect=4g,https://www.tokopedia.com/hotsauceid/nike-air-max-tailwind-v-skepta-chrome-blue-not-jordan-dunk-yeezy-100-authentic-original-guaranteed?extParam=ivf%3Dfalse%26keyword%3Dair+jordan%26src%3Dsearch
119,Sneakers Keychain - Gantungan Kunci sepatu Air Jordan Yeezy Ultraboost,Rp10.000,https://images.tokopedia.net/img/cache/200-square/VqbcmM/2020/12/2/deb76ebf-2b1a-4319-96b6-82c701d238a8.jpg.webp?ect=4g,https://www.tokopedia.com/fresclean/sneakers-keychain-gantungan-kunci-sepatu-air-jordan-yeezy-ultraboost?extParam=ivf%3Dfalse%26keyword%3Dair+jordan%26src%3Dsearch
120,Parfum Mobil Frappers Air Jordan x Offwhite Red,Rp25.000,https://images.tokopedia.net/img/cache/200-square/product-1/2020/4/22/9638410/9638410_b5add952-c141-42f3-9a31-37523f868a29_2048_2048.webp?ect=4g,https://www.tokopedia.com/archive-frappersid/parfum-mobil-frappers-air-jordan-x-offwhite-red-bubble-gum?extParam=ivf%3Dfalse%26keyword%3Dair+jordan%26src%3Dsearch
121,Worn Air Jordan 1 Retro High OG Bred Toe (100% Original),Rp2.999.000,https://images.tokopedia.net/img/cache/200-square/VqbcmM/2025/2/2/bbbe8366-3c67-4db5-8c2a-1d7d06b61a68.jpg.webp?ect=4g,https://www.tokopedia.com/grailedhypeofficial/worn-air-jordan-1-retro-high-og-bred-toe-100-original-42-05d79?extParam=ivf%3Dfalse%26keyword%3Dair+jordan%26src%3Dsearch
122,AJ XI / Air Jordan 11 Retro DMP Gratitude 100% Original,Rp2.450.000,https://images.tokopedia.net/img/cache/200-square/VqbcmM/2024/5/26/85d855ea-d125-4269-a783-cc54fa6f3277.jpg.webp?ect=4g,https://www.tokopedia.com/dropyoursneakers/aj-xi-air-jordan-11-retro-dmp-gratitude-100-original-8-48b36?extParam=ivf%3Dfalse%26keyword%3Dair+jordan%26src%3Dsearch
123,AIR JORDAN 1 LOW BLACK GOLD PATENT (GS),Rp950.000,https://images.tokopedia.net/img/cache/200-square/VqbcmM/2023/7/26/9c702d31-e0da-4927-b175-0d9cd5408340.jpg.webp?ect=4g,https://www.tokopedia.com/badassmonkeyid/air-jordan-1-low-black-gold-patent-gs-6-5y-5f769?extParam=ivf%3Dfalse%26keyword%3Dair+jordan%26src%3Dsearch
124,Air Jordan 1 Low x Travis Scott Velvet Brown (100% Authentic),Rp8.999.000,https://images.tokopedia.net/img/cache/200-square/VqbcmM/2025/1/6/19747f1d-08f8-4340-b87c-8460474a949b.jpg.webp?ect=4g,https://www.tokopedia.com/senikersku/air-jordan-1-low-x-travis-scott-velvet-brown-100-authentic-40-5-e7064?extParam=ivf%3Dfalse%26keyword%3Dair+jordan%26src%3Dsearch
125,Nike Air Max 95 Neon OG (not Jordan Sacai Off White Dunk) - 100% Authentic Original Guaranteed,Rp4.750.000,https://images.tokopedia.net/img/cache/200-square/VqbcmM/2020/12/20/9543d89f-05df-4251-abca-d4efbefd3ae5.jpg.webp?ect=4g,https://www.tokopedia.com/hotsauceid/nike-air-max-95-neon-og-not-jordan-sacai-off-white-dunk-100-authentic-original-guaranteed?extParam=ivf%3Dfalse%26keyword%3Dair+jordan%26src%3Dsearch
126,Air Jordan 1 Low Travis Scott Reverse Mocha Authentic,Rp22.629.000,https://images.tokopedia.net/img/cache/200-square/VqbcmM/2024/3/19/87fdfd54-2975-4ee0-9ec1-2fba96c50d97.jpg.webp?ect=4g,https://www.tokopedia.com/trueogkicks/air-jordan-1-low-travis-scott-reverse-mocha-authentic-39?extParam=ivf%3Dtrue%26keyword%3Dair+jordan&src=topads
127,Air Jordan 1 Low SE Black Elephant - BNIB Original 100%,Rp2.199.999,https://images.tokopedia.net/img/cache/200-square/VqbcmM/2024/8/14/3d2d7db7-9958-4d88-b2ae-ec3b9a298427.jpg.webp?ect=4g,https://www.tokopedia.com/omgsneakers/air-jordan-1-low-se-black-elephant-bnib-original-100-gs-eur36-40-d8b42?extParam=ivf%3Dfalse%26keyword%3Dair+jordan&src=topads
128,Air Jordan 1 Low x Travis Scott Velvet Brown Sneakers Authentic,Rp2.199.000,https://images.tokopedia.net/img/cache/200-square/VqbcmM/2025/2/14/5897fc29-d14c-4af5-a816-e6ed41269f2d.jpg.webp?ect=4g,https://www.tokopedia.com/gdbb/air-jordan-1-low-x-travis-scott-velvet-brown-sneakers-authentic-1730840839635175395?extParam=ivf%3Dfalse%26keyword%3Dair+jordan&src=topads
129,Air Jordan 3 Retro White Cement Reimagined 2023 - BNIB Original 100%,Rp2.899.999,https://images.tokopedia.net/img/cache/200-square/VqbcmM/2024/3/17/1cd42b24-6a98-4e4e-9492-e06fd0567b03.jpg.webp?ect=4g,https://www.tokopedia.com/omgsneakers/air-jordan-3-retro-white-cement-reimagined-2023-bnib-original-100-gs-eur36-36-5?extParam=ivf%3Dfalse%26keyword%3Dair+jordan&src=topads
130,SEPATU AIR JORDAN 1 MID SE DIY (GS) ORIGINAL SNEAKER,Rp1.150.000,https://images.tokopedia.net/img/cache/200-square/VqbcmM/2023/6/23/14322d4f-2600-4af7-b7a6-5670020a3325.png.webp?ect=4g,https://www.tokopedia.com/hypebeastyle/sepatu-air-jordan-1-mid-se-diy-gs-original-sneaker-36?extParam=ivf%3Dfalse%26keyword%3Dair+jordan&src=topads
131,Air Jordan 1 Retro High OG Black Toe Reimagined,Rp3.400.000,https://images.tokopedia.net/img/cache/200-square/VqbcmM/2025/2/15/bc5b4ed7-c156-4e4b-8bff-3cc8f793a6ac.jpg.webp?ect=4g,https://www.tokopedia.com/museiccollection/air-jordan-1-retro-high-og-black-toe-reimagined-1730831678769759684?extParam=ivf%3Dfalse%26keyword%3Dair+jordan%26src%3Dsearch
132,Nike Air Jordan 1 Low SE Craft Inside Out Obsidian Navy,Rp2.599.000,https://images.tokopedia.net/img/cache/200-square/VqbcmM/2022/12/15/464492d4-375a-40a9-8f9f-07e9e0f70293.jpg.webp?ect=4g,https://www.tokopedia.com/sigmakick/nike-air-jordan-1-low-se-craft-inside-out-obsidian-navy-7?extParam=ivf%3Dfalse%26keyword%3Dair+jordan%26src%3Dsearch
133,AIR JORDAN RETRO 6 MIDNIGHT NAVY,Rp1.500.000,https://images.tokopedia.net/img/cache/200-square/VqbcmM/2024/11/19/8c377abf-4a43-443b-900c-d35ae4feb419.jpg.webp?ect=4g,https://www.tokopedia.com/abamcycling/air-jordan-retro-6-midnight-navy?extParam=ivf%3Dfalse%26keyword%3Dair+jordan%26src%3Dsearch
134,AIR JORDAN 1 RETRO LOW GOLF USA 100% Authentic,Rp2.499.000,https://images.tokopedia.net/img/cache/200-square/VqbcmM/2024/3/18/9c42e766-551c-475b-98b7-f5040b17fd6b.jpg.webp?ect=4g,https://www.tokopedia.com/dhypeid/air-jordan-1-retro-low-golf-usa-100-authentic-42-a93f8?extParam=ivf%3Dfalse%26keyword%3Dair+jordan%26src%3Dsearch
135,Sepatu Basket Pria Air Jordan Legacy 312 Low Oxidized Green CD7069-131,Rp1.099.500,https://images.tokopedia.net/img/cache/200-square/VqbcmM/2024/11/29/18b67356-1b07-4790-a3fb-23da65bcf692.jpg.webp?ect=4g,https://www.tokopedia.com/hoopsindonesia/sepatu-basket-pria-air-jordan-legacy-312-low-oxidized-green-cd7069-131?extParam=ivf%3Dfalse%26keyword%3Dair+jordan%26src%3Dsearch
136,AIR JORDAN UPPERFONT CLASSIC CANVAS BACKPACK / TAS RANSEL / BAGPACK / TAS SEKOLAH - PUTIH,Rp242.000,https://images.tokopedia.net/img/cache/200-square/VqbcmM/2024/7/30/6e4646bc-7be0-4da0-b2cf-0aabefe2c77f.jpg.webp?ect=4g,https://www.tokopedia.com/grafitti/air-jordan-upperfont-classic-canvas-backpack-tas-ransel-bagpack-tas-sekolah-putih?extParam=ivf%3Dfalse%26keyword%3Dair+jordan%26src%3Dsearch
137,Air Jordan 1 Low Light Smoke Grey,Rp450.450,https://images.tokopedia.net/img/cache/200-square/VqbcmM/2022/10/19/8d24d81e-5bfc-449a-aa7d-6055b41e1138.jpg.webp?ect=4g,https://www.tokopedia.com/stadiumsneakers/air-jordan-1-low-light-smoke-grey?extParam=ivf%3Dfalse%26keyword%3Dair+jordan%26src%3Dsearch
138,SEPATU BASKET MENS NK AIR JORDAN TATUM 1 PF ZOO,Rp950.000,https://images.tokopedia.net/img/cache/200-square/VqbcmM/2024/5/2/682eef2a-cea2-4353-9741-c43fc6d65d0b.jpg.webp?ect=4g,https://www.tokopedia.com/janoski501/sepatu-basket-mens-nk-air-jordan-tatum-1-pf-zoo?extParam=ivf%3Dfalse%26keyword%3Dair+jordan%26src%3Dsearch
139,[USED] Air Jordan 1 Retro High OG UNC Toe 100% Authentic,Rp2.099.000,https://images.tokopedia.net/img/cache/200-square/VqbcmM/2025/2/6/16b6d8cd-ace7-406c-a7c8-57165b918d76.jpg.webp?ect=4g,https://www.tokopedia.com/goodsprimestore/used-air-jordan-1-retro-high-og-unc-toe-100-authentic-1730838192682731183?extParam=ivf%3Dfalse%26keyword%3Dair+jordan%26src%3Dsearch
140,Sepatu Basket Pria Air Jordan Original Aj One Take 5 Pf White Fd2336-1,Rp959.400,https://images.tokopedia.net/img/cache/200-square/hDjmkQ/2024/11/12/57ee6d6d-fe30-437f-bc43-665dd46d99f2.png.webp?ect=4g,https://www.tokopedia.com/ncrsport/sepatu-basket-pria-air-jordan-original-aj-one-take-5-pf-white-fd2336-1-11-5-45-5-5a84a?extParam=ivf%3Dfalse%26keyword%3Dair+jordan%26src%3Dsearch
141,Celana Pendek Olahraga pria basket air jordan celana training futsal,Rp23.375,https://images.tokopedia.net/img/cache/200-square/VqbcmM/2021/10/15/e79cd951-7811-47b3-90cc-3f9c3e8c3fc5.jpg.webp?ect=4g,https://www.tokopedia.com/rdcolections/celana-pendek-olahraga-pria-basket-air-jordan-celana-training-futsal-hitam-a-jordan-d2ff1?extParam=ivf%3Dfalse%26keyword%3Dair+jordan%26src%3Dsearch
142,"Air Jordan Burst Crack WaistBag Full Set Free Box, Paperbag N Dustbag",Rp99.000,https://images.tokopedia.net/img/cache/200-square/VqbcmM/2021/4/3/98ca616a-4446-4b2b-8b96-c409efb0031a.jpg.webp?ect=4g,https://www.tokopedia.com/elinorstore/air-jordan-burst-crack-waistbag-full-set-free-box-paperbag-n-dustbag-abu-abu?extParam=ivf%3Dfalse%26keyword%3Dair+jordan%26src%3Dsearch
143,Air Jordan 1 Low 85 Neutral Grey 100% Authentic,Rp2.699.000,https://images.tokopedia.net/img/cache/200-square/VqbcmM/2023/12/31/d91efb1b-fdac-4274-ac7a-f7c9e9fdce0d.jpg.webp?ect=4g,https://www.tokopedia.com/sneakers4play/air-jordan-1-low-85-neutral-grey-100-authentic-42-89b6f?extParam=ivf%3Dfalse%26keyword%3Dair+jordan%26src%3Dsearch
144,Air Jordan 1 Low Slate Blue Navy Authentic,Rp1.899.000,https://images.tokopedia.net/img/cache/200-square/VqbcmM/2024/4/18/48e41074-ee5b-481a-bc32-ee8330312c09.jpg.webp?ect=4g,https://www.tokopedia.com/trueogkicks/air-jordan-1-low-slate-blue-navy-authentic-44-25097?extParam=ivf%3Dtrue%26keyword%3Dair+jordan%26src%3Dsearch
145,NIKE AIR JORDAN CAP PRO JUMPMAN 2022 / TOPI UNISEX BNIB 100% ORIGINAL,Rp300.000,https://images.tokopedia.net/img/cache/200-square/VqbcmM/2022/11/21/e16782e2-00f4-4422-86c9-287915b55b0d.jpg.webp?ect=4g,https://www.tokopedia.com/souvire/nike-air-jordan-cap-pro-jumpman-2022-topi-unisex-bnib-100-original-merah?extParam=ivf%3Dfalse%26keyword%3Dair+jordan%26src%3Dsearch
146,AIR JORDAN 13 RETRO HE GOT GAME 2018 (TD),Rp500.000,https://images.tokopedia.net/img/cache/200-square/VqbcmM/2023/7/25/e77e7af4-e546-4568-9366-e1885082d961.jpg.webp?ect=4g,https://www.tokopedia.com/badassmonkeyid/air-jordan-13-retro-he-got-game-2018-td-7c-a0d69?extParam=ivf%3Dfalse%26keyword%3Dair+jordan%26src%3Dsearch
147,Nike Air Jordan 1 High Lost and Found Chicago Reimagined,Rp4.999.000,https://images.tokopedia.net/img/cache/200-square/VqbcmM/2022/11/4/ea4fe315-889a-4f6d-afdf-e6253bfb7539.jpg.webp?ect=4g,https://www.tokopedia.com/sigmakick/nike-air-jordan-1-high-lost-and-found-chicago-reimagined-8?extParam=ivf%3Dfalse%26keyword%3Dair+jordan%26src%3Dsearch
148,Sepatu Sneakers Pria Wanita nk air jordan 4 Oreo black,Rp339.000,https://images.tokopedia.net/img/cache/200-square/VqbcmM/2022/9/9/0a132663-6a59-49bd-9609-62769cb277e2.jpg.webp?ect=4g,https://www.tokopedia.com/pulkastor/sepatu-sneakers-pria-wanita-nk-air-jordan-4-oreo-black-36?extParam=ivf%3Dfalse%26keyword%3Dair+jordan%26src%3Dsearch
149,Sepatu Basket Air Jordan Zion 3 Pf Pink Glow Original,Rp879.600,https://images.tokopedia.net/img/cache/200-square/hDjmkQ/2024/10/3/32c9b760-9542-4c38-ac9e-9d8615b20d45.png.webp?ect=4g,https://www.tokopedia.com/ncrsport/sepatu-basket-air-jordan-zion-3-pf-pink-glow-original-9-5-43-ab9ae?extParam=ivf%3Dfalse%26keyword%3Dair+jordan%26src%3Dsearch
150,Air Jordan 4 SB Pine Green Authentic,Rp7.899.000,https://images.tokopedia.net/img/cache/200-square/VqbcmM/2023/5/10/dbb7618b-2cc6-4e38-bf3b-b2fab888f46b.png.webp?ect=4g,https://www.tokopedia.com/trueogkicks/air-jordan-4-sb-pine-green-authentic-41-015da?extParam=ivf%3Dtrue%26keyword%3Dair+jordan%26src%3Dsearch
151,Air Jordan 1 Retro High OG Spider-verse Next Chapter (Men) DV1748-601,Rp3.799.000,https://images.tokopedia.net/img/cache/200-square/aphluv/1997/1/1/55c652a5a5d747bf8add6635456d7944~.jpeg.webp?ect=4g,https://www.tokopedia.com/high-gentlemen/air-jordan-1-retro-high-og-spider-verse-next-chapter-men-dv1748-601-40-cdd13?extParam=ivf%3Dfalse%26keyword%3Dair+jordan%26src%3Dsearch
152,Air Jordan 1 Low SE Phantom Denim Swoosh Authentic,Rp1.899.000,https://images.tokopedia.net/img/cache/200-square/VqbcmM/2024/4/5/3a45335c-71d8-4fb9-8b27-5ce105cce067.jpg.webp?ect=4g,https://www.tokopedia.com/trueogkicks/air-jordan-1-low-se-phantom-denim-swoosh-authentic-gs-37-5-87e7c?extParam=ivf%3Dtrue%26keyword%3Dair+jordan%26src%3Dsearch
153,NIKE AIR JORDAN 1 LOW TRIPLE BLACK ORIGINAL,Rp2.399.000,https://images.tokopedia.net/img/cache/200-square/attachment/2019/12/28/157747156733617/157747156733617_ce6b38a8-fd55-4a9d-a567-bdd7585e632c.png.webp?ect=4g,https://www.tokopedia.com/billsshop/nike-air-jordan-1-low-triple-black-original?extParam=ivf%3Dfalse%26keyword%3Dair+jordan%26src%3Dsearch
154,Air Jordan 1 Low Wolf Grey,Rp2.399.000,https://images.tokopedia.net/img/cache/200-square/VqbcmM/2024/5/2/f42cdf9e-215b-4b47-b4a2-a5cc8680d0d0.jpg.webp?ect=4g,https://www.tokopedia.com/807garage/air-jordan-1-low-wolf-grey-36-f0860?extParam=ivf%3Dfalse%26keyword%3Dair+jordan%26src%3Dsearch
155,AIR JORDAN 1 BLACK TOE MINIATUR GANTUNGAN KUNCI KECIL SNEAKERS,Rp98.000,https://images.tokopedia.net/img/cache/200-square/VqbcmM/2020/11/17/883b0cec-b9f1-4c4e-b95d-683581af25bc.jpg.webp?ect=4g,https://www.tokopedia.com/warplacesid/air-jordan-1-black-toe-miniatur-gantungan-kunci-kecil-sneakers?extParam=ivf%3Dfalse%26keyword%3Dair+jordan%26src%3Dsearch
156,Air Jordan 1 Low Alternate Bred Toe 100% Original,Rp1.799.000,https://images.tokopedia.net/img/cache/200-square/VqbcmM/2025/1/16/d24beabe-8f56-43b9-a558-ed714748f5f9.jpg.webp?ect=4g,https://www.tokopedia.com/levelupsneakers/air-jordan-1-low-alternate-bred-toe-100-original-40?extParam=ivf%3Dfalse%26keyword%3Dair+jordan%26src%3Dsearch
157,Air Jordan 1 Low Triple White Authentic,Rp1.899.000,https://images.tokopedia.net/img/cache/200-square/VqbcmM/2024/8/6/a0234fdd-1470-4661-a351-b6b4febcd3db.jpg.webp?ect=4g,https://www.tokopedia.com/trueogkicks/air-jordan-1-low-triple-white-authentic-40-5-ce1a8?extParam=ivf%3Dfalse%26keyword%3Dair+jordan%26src%3Dsearch
158,Sepatu Air Jordan 1 Retro High OG Black Satin,Rp545.000,https://images.tokopedia.net/img/cache/200-square/VqbcmM/2023/7/30/b4a8e6af-3684-4df8-9f2a-62c495be0dd7.jpg.webp?ect=4g,https://www.tokopedia.com/stadiumsneakers/sepatu-air-jordan-1-retro-high-og-black-satin-40?extParam=ivf%3Dfalse%26keyword%3Dair+jordan%26src%3Dsearch
159,Nike Air Jordan 1 Low White Wolf Grey (100% BNIB),Rp479.000,https://images.tokopedia.net/img/cache/200-square/VqbcmM/2025/4/27/65f19f79-ba7f-451a-8043-df46d4517dcb.jpg.webp?ect=4g,https://www.tokopedia.com/sneakerspedia19/nike-air-jordan-1-low-white-wolf-grey-100-bnib-40-f4f58?extParam=ivf%3Dfalse%26keyword%3Dair+jordan%26src%3Dsearch
160,Air Jordan 4 Military Blue 2024 100% Authentic,Rp2.699.000,https://images.tokopedia.net/img/cache/200-square/VqbcmM/2024/5/8/e5a703f0-d9b5-4b17-b502-44da8a68fe47.jpg.webp?ect=4g,https://www.tokopedia.com/sneakers4play/air-jordan-4-military-blue-2024-100-authentic-gs-40-2c1ef?extParam=ivf%3Dfalse%26keyword%3Dair+jordan%26src%3Dsearch
161,Air Jordan 11 Concord 100% BNIB,Rp2.200.000,https://images.tokopedia.net/img/cache/200-square/VqbcmM/2020/9/13/de9df179-71da-495d-9144-4c0c534abc64.jpg.webp?ect=4g,https://www.tokopedia.com/sukasneakersid/air-jordan-11-concord-100-bnib?extParam=ivf%3Dfalse%26keyword%3Dair+jordan%26src%3Dsearch
162,Sepatu Nike Air Jordan 4 RM Driveway Grey 100% Original BNIB,Rp1.227.500,https://images.tokopedia.net/img/cache/200-square/VqbcmM/2024/12/19/2add7708-ef64-455d-a26f-7b84def37b84.jpg.webp?ect=4g,https://www.tokopedia.com/vans23garage/sepatu-nike-air-jordan-4-rm-driveway-grey-100-original-bnib-40-ddb4c?extParam=ivf%3Dfalse%26keyword%3Dair+jordan%26src%3Dsearch
163,Air Jordan 1 Low OG Game Royal - BNIB Original 100%,Rp2.399.999,https://images.tokopedia.net/img/cache/200-square/VqbcmM/2024/12/3/d0309e0a-0115-475f-8b8e-f41cf68cf3c6.jpg.webp?ect=4g,https://www.tokopedia.com/omgsneakers/air-jordan-1-low-og-game-royal-bnib-original-100-gs-39-32308?extParam=ivf%3Dfalse%26keyword%3Dair+jordan%26src%3Dsearch
164,AIR JORDAN 2 RETRO LOW CHICAGO (2016),Rp3.000.000,https://images.tokopedia.net/img/cache/200-square/VqbcmM/2023/7/26/d0acc1c9-0dfc-40c3-b8e0-c08ab0fff295.jpg.webp?ect=4g,https://www.tokopedia.com/badassmonkeyid/air-jordan-2-retro-low-chicago-2016-10-5-45b16?extParam=ivf%3Dfalse%26keyword%3Dair+jordan%26src%3Dsearch
165,Celana Basket Air Jordan Dri-Fit Diamond Shorts Black Original Fn5804-,Rp309.500,https://images.tokopedia.net/img/cache/200-square/hDjmkQ/2025/1/15/e44a0dd8-e753-44dd-beaa-4397910c16fd.png.webp?ect=4g,https://www.tokopedia.com/ncrsport/celana-basket-air-jordan-dri-fit-diamond-shorts-black-original-fn5804-1730786768254437119?extParam=ivf%3Dfalse%26keyword%3Dair+jordan%26src%3Dsearch
166,Air Jordan 1 High True Blue Grey - BNIB Original 100%,Rp2.999.999,https://images.tokopedia.net/img/cache/200-square/VqbcmM/2023/1/20/6537b961-105c-482c-a5d8-8c59c18e0cc7.jpg.webp?ect=4g,https://www.tokopedia.com/omgsneakers/air-jordan-1-high-true-blue-grey-bnib-original-100-gs-eur-36-40?extParam=ivf%3Dfalse%26keyword%3Dair+jordan&src=topads
167,Air Jordan 1 High Varsity Red - 37.5,Rp1.999.000,https://images.tokopedia.net/img/cache/200-square/VqbcmM/2025/1/7/616b203e-b941-4d2e-80ea-c38566f4bc4d.jpg.webp?ect=4g,https://www.tokopedia.com/807garage/air-jordan-1-high-varsity-red-37-5-3fcfb?extParam=ivf%3Dfalse%26keyword%3Dair+jordan&src=topads
168,Air Jordan 1 Low Millitary Green 2019 Green Olive,Rp1.399.000,https://images.tokopedia.net/img/cache/200-square/VqbcmM/2024/4/14/5fcc8768-2b20-4421-9c66-72ceeb5d2690.jpg.webp?ect=4g,https://www.tokopedia.com/gdbb/air-jordan-1-low-millitary-green-2019-green-olive-36-1e73d?extParam=ivf%3Dtrue%26keyword%3Dair+jordan&src=topads
169,Air Jordan 1 Mid Light Orewood Brown - 36.5,Rp1.499.000,https://images.tokopedia.net/img/cache/200-square/VqbcmM/2024/9/18/81d58380-9181-424a-b4f6-bb94b0936e6b.jpg.webp?ect=4g,https://www.tokopedia.com/807garage/air-jordan-1-mid-light-orewood-brown-36-5-b2f40?extParam=ivf%3Dfalse%26keyword%3Dair+jordan&src=topads
170,Sepatu Pria Nik. Air Jordan 4 Full White,Rp469.000,https://images.tokopedia.net/img/cache/200-square/hDjmkQ/2022/11/18/b63e399a-468e-4a09-8f35-88bb0bb8eb81.jpg.webp?ect=4g,https://www.tokopedia.com/gandariasepatu/sepatu-pria-nik-air-jordan-4-full-white-36?extParam=ivf%3Dfalse%26keyword%3Dair+jordan&src=topads
171,Nike Air Jordan 1 Low Green Glow 100% Original Guarantee,Rp1.599.000,https://images.tokopedia.net/img/cache/200-square/hDjmkQ/2025/1/1/db11763b-ebbc-4b1e-9a50-c2ca0a76955a.png.webp?ect=4g,https://www.tokopedia.com/paldaprojectt/nike-air-jordan-1-low-green-glow-100-original-guarantee-42-5-11889?extParam=ivf%3Dfalse%26keyword%3Dair+jordan&src=topads
172,Sepatu Pria Nik. Air Jordan 4 Full White,Rp469.000,https://images.tokopedia.net/img/cache/200-square/hDjmkQ/2022/11/18/b63e399a-468e-4a09-8f35-88bb0bb8eb81.jpg.webp?ect=4g,https://www.tokopedia.com/gandariasepatu/sepatu-pria-nik-air-jordan-4-full-white-36?extParam=ivf%3Dfalse%26keyword%3Dair+jordan&src=topads
173,Nike Air Jordan 1 Low Industrial Blue 100% Original Guarantee,Rp1.499.000,https://images.tokopedia.net/img/cache/200-square/hDjmkQ/2025/4/9/5f9c4d29-e261-4f50-9711-26be1788317e.jpg.webp?ect=4g,https://www.tokopedia.com/paldaprojectt/nike-air-jordan-1-low-industrial-blue-100-original-guarantee-10-5-44-5-74c6a?extParam=ivf%3Dfalse%26keyword%3Dair+jordan&src=topads
174,Air Jordan 1 Low Armory Navy Authentic - 43,Rp1.999.000,https://images.tokopedia.net/img/cache/200-square/VqbcmM/2024/9/5/ff5aa23e-5614-44f8-a58c-1915da03bad5.jpg.webp?ect=4g,https://www.tokopedia.com/trueogkicks/air-jordan-1-low-armory-navy-authentic-43-9e1d0?extParam=ivf%3Dfalse%26keyword%3Dair+jordan&src=topads
175,Nike Air Jordan 1 Mid SE Mocca 100% Original Guarantee,Rp1.499.000,https://images.tokopedia.net/img/cache/200-square/hDjmkQ/2025/4/9/1ced41b0-980d-407d-a885-111f8404cad7.png.webp?ect=4g,https://www.tokopedia.com/paldaprojectt/nike-air-jordan-1-mid-se-mocca-100-original-guarantee-10-5-44-5-e53af?extParam=ivf%3Dfalse%26keyword%3Dair+jordan&src=topads
176,Sepatu Basket Pria Air Jordan Original Aj 38 Pf Aqua Black Dz3356-001,Rp1.267.600,https://images.tokopedia.net/img/cache/200-square/hDjmkQ/2024/10/28/e0fd6fae-0d54-41b5-a9bc-3ffa3446d23d.png.webp?ect=4g,https://www.tokopedia.com/ncrsport/sepatu-basket-pria-air-jordan-original-aj-38-pf-aqua-black-dz3356-001-10-44-33a6d?extParam=ivf%3Dfalse%26keyword%3Dair+jordan%26src%3Dsearch
177,AIR JORDAN 1 HIGH OG ACROSS THE SPIDER VERSE 100% Authentic,Rp2.499.000,https://images.tokopedia.net/img/cache/200-square/VqbcmM/2023/8/30/7015fd46-aef2-44a5-9904-a5d8da9ad6a7.jpg.webp?ect=4g,https://www.tokopedia.com/dhypeid/air-jordan-1-high-og-across-the-spider-verse-100-authentic-38-23f95?extParam=ivf%3Dfalse%26keyword%3Dair+jordan%26src%3Dsearch
178,Baju Basket Air Jordan Jayson Tatum Boston Celtics Statement Edition S,Rp689.500,https://images.tokopedia.net/img/cache/200-square/hDjmkQ/2025/2/15/2788a076-b102-4965-a0a1-a23c19c6ae0e.png.webp?ect=4g,https://www.tokopedia.com/ncrsport/baju-basket-air-jordan-jayson-tatum-boston-celtics-statement-edition-s-1730868337794451199?extParam=ivf%3Dfalse%26keyword%3Dair+jordan%26src%3Dsearch
179,Air Jordan 1 Low OG Howard University 100% Authentic,Rp2.799.000,https://images.tokopedia.net/img/cache/200-square/VqbcmM/2024/10/31/a389ebca-93e3-4460-a5bb-aa2ad4216a60.jpg.webp?ect=4g,https://www.tokopedia.com/sneakers4play/air-jordan-1-low-og-howard-university-100-authentic-42-01447?extParam=ivf%3Dfalse%26keyword%3Dair+jordan%26src%3Dsearch
180,AIR JORDAN 1 LOW OG EX COCONUTMILK,Rp1.500.000,https://images.tokopedia.net/img/cache/200-square/VqbcmM/2024/9/30/75bcc61b-0c22-4f2b-9c1f-b69fa023a2a4.jpg.webp?ect=4g,https://www.tokopedia.com/abamcycling/air-jordan-1-low-og-ex-coconutmilk?extParam=ivf%3Dfalse%26keyword%3Dair+jordan%26src%3Dsearch
181,Air Jordan 1 High Chicago Lost And Found 2022 Red White Black,Rp1.999.000,https://images.tokopedia.net/img/cache/200-square/VqbcmM/2024/7/22/8fb2ac39-a844-49ba-9b75-29b52fb20d9e.jpg.webp?ect=4g,https://www.tokopedia.com/gdbb/air-jordan-1-high-chicago-lost-and-found-2022-red-white-black-36-2a2b3?extParam=ivf%3Dfalse%26keyword%3Dair+jordan&src=topads
182,Air Jordan 1 Low OG EX Black Smoke Grey - BNIB Original 100%,Rp3.899.999,https://images.tokopedia.net/img/cache/200-square/VqbcmM/2024/5/23/e858869a-1cde-48ca-9312-0a46c291a267.jpg.webp?ect=4g,https://www.tokopedia.com/omgsneakers/air-jordan-1-low-og-ex-black-smoke-grey-bnib-original-100-44-5?extParam=ivf%3Dfalse%26keyword%3Dair+jordan&src=topads
183,Air Jordan 1 Low OG Barons Authentic - 44.5,Rp1.999.000,https://images.tokopedia.net/img/cache/200-square/VqbcmM/2024/9/5/13fd986a-87df-4b78-ae77-3fc26b39355c.jpg.webp?ect=4g,https://www.tokopedia.com/trueogkicks/air-jordan-1-low-og-barons-authentic-44-5-e2522?extParam=ivf%3Dfalse%26keyword%3Dair+jordan&src=topads
184,Sepatu Nike Air Jordan 4 RM Driveway Grey 100% Original BNIB,Rp1.227.500,https://images.tokopedia.net/img/cache/200-square/VqbcmM/2024/12/19/2add7708-ef64-455d-a26f-7b84def37b84.jpg.webp?ect=4g,https://www.tokopedia.com/vans23garage/sepatu-nike-air-jordan-4-rm-driveway-grey-100-original-bnib-40-ddb4c?extParam=ivf%3Dfalse%26keyword%3Dair+jordan&src=topads
185,Air Jordan 1 Low Black Smoke Grey,Rp1.999.000,https://images.tokopedia.net/img/cache/200-square/VqbcmM/2025/1/5/836fa015-6e43-427f-9254-085940fd87b0.jpg.webp?ect=4g,https://www.tokopedia.com/807garage/air-jordan-1-low-black-smoke-grey-37-5-4716f?extParam=ivf%3Dfalse%26keyword%3Dair+jordan&src=topads
186,NIKE AIR JORDAN 1 LOW OG DARK MOCHA GS 2024 BNIB 100% ORI,Rp2.500.000,https://images.tokopedia.net/img/cache/200-square/VqbcmM/2024/9/21/58693482-5c16-4078-b0b9-09eb96507c21.jpg.webp?ect=4g,https://www.tokopedia.com/souvire/nike-air-jordan-1-low-og-dark-mocha-gs-2024-bnib-100-ori-4-9f574?extParam=ivf%3Dfalse%26keyword%3Dair+jordan%26src%3Dsearch
187,AIR JORDAN 1 LOW SLIP BLUE VOID,Rp2.500.000,https://images.tokopedia.net/img/cache/200-square/VqbcmM/2023/8/30/313bcc7d-2942-41be-8609-50bdc8162686.jpg.webp?ect=4g,https://www.tokopedia.com/badassmonkeyid/air-jordan-1-low-slip-blue-void?extParam=ivf%3Dfalse%26keyword%3Dair+jordan%26src%3Dsearch
188,SEPATU AIR JORDAN 4 BRED REIMAGINED,Rp2.799.000,https://images.tokopedia.net/img/cache/200-square/VqbcmM/2024/11/26/ab6285b3-a256-46e2-956d-b50cb02bee16.jpg.webp?ect=4g,https://www.tokopedia.com/askforme/sepatu-air-jordan-4-bred-reimagined?extParam=ivf%3Dfalse%26keyword%3Dair+jordan%26src%3Dsearch
189,Air Jordan 12 Flu Game 2025,Rp4.500.000,https://images.tokopedia.net/img/cache/200-square/VqbcmM/2025/3/1/fd596951-7819-43cf-be70-6e65e6671355.jpg.webp?ect=4g,https://www.tokopedia.com/museiccollection/air-jordan-12-flu-game-2025-1730938499526067652?extParam=ivf%3Dfalse%26keyword%3Dair+jordan%26src%3Dsearch
190,Air Jordan 1 X Travis Scott PK GOD,Rp2.700.000,https://images.tokopedia.net/img/cache/200-square/product-1/2019/5/7/45019770/45019770_7b572c29-5b42-4b7d-8e1a-8ce4c754aa4c_1000_1000.webp?ect=4g,https://www.tokopedia.com/sukasneakersid/air-jordan-1-x-travis-scott-pk-god?extParam=ivf%3Dfalse%26keyword%3Dair+jordan%26src%3Dsearch
191,Sepatu Basket Pria Air Jordan Zion 3 M.U.D Ash SE PF FN1778-002,Rp951.600,https://images.tokopedia.net/img/cache/200-square/VqbcmM/2024/11/22/47a7b657-94b7-40ee-965d-88f01d204f4d.jpg.webp?ect=4g,https://www.tokopedia.com/hoopsindonesia/sepatu-basket-pria-air-jordan-zion-3-m-u-d-ash-se-pf-fn1778-002?extParam=ivf%3Dfalse%26keyword%3Dair+jordan%26src%3Dsearch
192,Insole Air Jordan Semua Series,Rp20.000,https://images.tokopedia.net/img/cache/200-square/VqbcmM/2024/1/31/4a15a86d-8592-49dc-8838-9896e65a4e7c.jpg.webp?ect=4g,https://www.tokopedia.com/bahan-sepatu/insole-air-jordan-semua-series-hitam-putih-36-df05f?extParam=ivf%3Dfalse%26keyword%3Dair+jordan%26src%3Dsearch
193,Air Jordan Custom Tea Core Leather,Rp3.600.000,https://images.tokopedia.net/img/cache/200-square/VqbcmM/2023/11/21/28af0d27-c5e1-4b55-b47c-4b5da5d6cf77.jpg.webp?ect=4g,https://www.tokopedia.com/denimselvedgemarket/air-jordan-custom-tea-core-leather-hitam-39-9c11c?extParam=ivf%3Dfalse%26keyword%3Dair+jordan%26src%3Dsearch
194,Sepatu Basket Pria Air Jordan 1 Mid Bred DQ8426-067,Rp1.551.200,https://images.tokopedia.net/img/cache/200-square/VqbcmM/2025/2/21/bade3870-ad5e-4076-91ab-6c30d5e6e56d.jpg.webp?ect=4g,https://www.tokopedia.com/homecourtofficial/sepatu-basket-pria-air-jordan-1-mid-bred-dq8426-067-1730897239437444268?extParam=ivf%3Dfalse%26keyword%3Dair+jordan%26src%3Dsearch
195,Nike Air Jordan 4 Black Canvas,Rp5.000.000,https://images.tokopedia.net/img/cache/200-square/VqbcmM/2022/8/29/11a94ad8-bb7d-4756-bfb5-88f1a6f70776.jpg.webp?ect=4g,https://www.tokopedia.com/sigmakick/nike-air-jordan-4-black-canvas-10-5?extParam=ivf%3Dfalse%26keyword%3Dair+jordan%26src%3Dsearch
196,Nike Air Jordan 1 Low Midnight Navy 100% Original Guarantee,Rp1.799.000,https://images.tokopedia.net/img/cache/200-square/hDjmkQ/2025/4/4/2092bb59-0842-4253-8bf4-ae19353c157d.png.webp?ect=4g,https://www.tokopedia.com/paldaprojectt/nike-air-jordan-1-low-midnight-navy-100-original-guarantee-1730812414908991106?extParam=ivf%3Dfalse%26keyword%3Dair+jordan&src=topads
197,Air Jordan 1 Low SE Vintage UNC Tokyo Vintage Grey White,Rp1.399.000,https://images.tokopedia.net/img/cache/200-square/VqbcmM/2023/12/8/5300d175-fa36-48f0-a807-885c1d966e35.jpg.webp?ect=4g,https://www.tokopedia.com/gdbb/air-jordan-1-low-se-vintage-unc-tokyo-vintage-grey-white-40-01825?extParam=ivf%3Dfalse%26keyword%3Dair+jordan&src=topads
198,Sepatu Pria Wanita Sneakers Murah Nik. Air Jordan 1 Low Tie Dye,Rp375.000,https://images.tokopedia.net/img/cache/200-square/hDjmkQ/2022/11/18/4e75a8e4-8696-4615-92f5-dbdef3a3c7c3.jpg.webp?ect=4g,https://www.tokopedia.com/gandariasepatu/sepatu-pria-wanita-sneakers-murah-nik-air-jordan-1-low-tie-dye-36?extParam=ivf%3Dfalse%26keyword%3Dair+jordan&src=topads
199,Air Jordan 1 Low OG PSG Paris Saint Germain Authentic - 44.5,Rp2.629.000,https://images.tokopedia.net/img/cache/200-square/VqbcmM/2024/10/21/c461c04b-0db5-4282-8542-38dd7b97ec5c.jpg.webp?ect=4g,https://www.tokopedia.com/trueogkicks/air-jordan-1-low-og-psg-paris-saint-germain-authentic-44-5-c428a?extParam=ivf%3Dfalse%26keyword%3Dair+jordan&src=topads
200,Air Jordan 1 Low x Travis Scott Velvet Brown (100% Authentic),Rp8.999.000,https://images.tokopedia.net/img/cache/200-square/VqbcmM/2025/1/6/19747f1d-08f8-4340-b87c-8460474a949b.jpg.webp?ect=4g,https://www.tokopedia.com/senikersku/air-jordan-1-low-x-travis-scott-velvet-brown-100-authentic-42-608ea?extParam=ivf%3Dfalse%26keyword%3Dair+jordan&src=topads
201,JERSEY BASKET JORDAN FLIGHT / JERSEY BASKET AIR JORDAN - Bolak-Balik - DEWASA DAN ANAK - JERSEY SETELAN BOLAK-BALIK OLAHRAGA BASKET - JERSEY TRAINING OLAHRAGA BASKETBALL,Rp119.900,https://images.tokopedia.net/img/cache/200-square/VqbcmM/2024/6/11/b1a93b1e-0333-4a50-8780-38d71a0a9e4c.jpg.webp?ect=4g,https://www.tokopedia.com/hytjersey/jersey-basket-jordan-flight-jersey-basket-air-jordan-bolak-balik-dewasa-dan-anak-jersey-setelan-bolak-balik-olahraga-basket-jersey-training-olahraga-basketball-htam-putih-kids-m-171c2?extParam=ivf%3Dfalse%26keyword%3Dair+jordan%26src%3Dsearch
202,Sepatu Basket Air Jordan Tatum 3 Pf Welcome To The Garden White Origin,Rp1.745.100,https://images.tokopedia.net/img/cache/200-square/hDjmkQ/2024/10/24/96563449-74df-4dc9-99a3-fc9d037f756e.png.webp?ect=4g,https://www.tokopedia.com/ncrsport/sepatu-basket-air-jordan-tatum-3-pf-welcome-to-the-garden-white-origin-10-44-d3419?extParam=ivf%3Dfalse%26keyword%3Dair+jordan%26src%3Dsearch
203,NIKE AIR JORDAN 2 EMINEM,Rp70.000.000,https://images.tokopedia.net/img/cache/200-square/product-1/2020/4/29/77855534/77855534_bae849a7-bf50-4590-9cbb-ec107751eb9d_1080_1080.webp?ect=4g,https://www.tokopedia.com/badassmonkeyid/nike-air-jordan-2-eminem?extParam=ivf%3Dfalse%26keyword%3Dair+jordan%26src%3Dsearch
204,CELANA BASKET AIR JORDAN JUMPMAN PERFORMANCE - Anak / Dewasa,Rp69.900,https://images.tokopedia.net/img/cache/200-square/VqbcmM/2023/3/30/77f35363-22f7-4eda-bacc-9d74ea041552.jpg.webp?ect=4g,https://www.tokopedia.com/hytjersey/celana-basket-air-jordan-jumpman-performance-anak-dewasa-black-white-l-7fdd4?extParam=ivf%3Dfalse%26keyword%3Dair+jordan%26src%3Dsearch
205,"Sepatu Basket Nike Air Jordan 36 PE Jayson Tatum , Size Kecil",Rp750.000,https://images.tokopedia.net/img/cache/200-square/VqbcmM/2021/12/26/20320310-3845-4f83-8f08-7e591b5d1a7e.jpg.webp?ect=4g,https://www.tokopedia.com/supergt/sepatu-basket-nike-air-jordan-36-pe-jayson-tatum-size-kecil?extParam=ivf%3Dfalse%26keyword%3Dair+jordan%26src%3Dsearch
206,Air Jordan 1 High Lost And Found 100% Authentic,Rp5.699.000,https://images.tokopedia.net/img/cache/200-square/VqbcmM/2022/11/21/24097220-6562-4b72-b13b-fe7ada55640f.jpg.webp?ect=4g,https://www.tokopedia.com/sneakers4play/air-jordan-1-high-lost-and-found-100-authentic-42-defect?extParam=ivf%3Dfalse%26keyword%3Dair+jordan%26src%3Dsearch
207,Nike Air Jordan 1 Low OG Mocha 100% Authentic,Rp2.499.000,https://images.tokopedia.net/img/cache/200-square/VqbcmM/2024/9/30/468fd581-2477-47c0-9b8d-17f522d8f542.jpg.webp?ect=4g,https://www.tokopedia.com/sneakertology/nike-air-jordan-1-low-og-mocha-100-authentic-gs-36-40-08adf?extParam=ivf%3Dfalse%26keyword%3Dair+jordan%26src%3Dsearch
208,AIR JORDAN 12 REVERSE FLU GAME (GS),Rp2.250.000,https://images.tokopedia.net/img/cache/200-square/VqbcmM/2023/9/2/0756ee00-cebc-4c2a-a971-8dbc0eb46205.jpg.webp?ect=4g,https://www.tokopedia.com/badassmonkeyid/air-jordan-12-reverse-flu-game-gs-7y?extParam=ivf%3Dfalse%26keyword%3Dair+jordan%26src%3Dsearch
209,Air Jordan 1 Low OG Travis Scott Medium Olive [DM7866-200],Rp7.999.000,https://images.tokopedia.net/img/cache/200-square/VqbcmM/2024/10/9/5d4b8a7a-5042-4cc2-8595-ecf006e2d17b.jpg.webp?ect=4g,https://www.tokopedia.com/baregoods/air-jordan-1-low-og-travis-scott-medium-olive-dm7866-200-35-5-e3c99?extParam=ivf%3Dfalse%26keyword%3Dair+jordan%26src%3Dsearch
210,NIKE AIR JORDAN 4 RETRO DARK GREY WET CEMENT GS BNIB 100% ORIGINAL,Rp3.200.000,https://images.tokopedia.net/img/cache/200-square/VqbcmM/2024/8/5/8b8da6ab-0346-46d3-8f36-526c9c4a4a76.jpg.webp?ect=4g,https://www.tokopedia.com/souvire/nike-air-jordan-4-retro-dark-grey-wet-cement-gs-bnib-100-original-4-abf0d?extParam=ivf%3Dfalse%26keyword%3Dair+jordan%26src%3Dsearch
211,Air Jordan 1 Retro Low OG Trophy Room Away Authentic - 40,Rp6.849.000,https://images.tokopedia.net/img/cache/200-square/VqbcmM/2024/4/3/ca8f4aa6-bd92-480c-a461-780503da51ec.jpg.webp?ect=4g,https://www.tokopedia.com/trueogkicks/air-jordan-1-retro-low-og-trophy-room-away-authentic-40-1d9a8?extParam=ivf%3Dfalse%26keyword%3Dair+jordan&src=topads
212,Air Jordan 1 Low SE Craft Black Dark Smoke Grey - BNIB Original 100%,Rp2.499.998,https://images.tokopedia.net/img/cache/200-square/VqbcmM/2024/8/14/b46bf32c-7cca-43b7-9975-01a93036a3a1.jpg.webp?ect=4g,https://www.tokopedia.com/omgsneakers/air-jordan-1-low-se-craft-black-dark-smoke-grey-bnib-original-100-40-5-7cc0f?extParam=ivf%3Dfalse%26keyword%3Dair+jordan&src=topads
213,Nike Air Jordan 1 Low Lucky Green 100% Original Guarantee,Rp1.799.000,https://images.tokopedia.net/img/cache/200-square/hDjmkQ/2025/2/27/44db226a-a2b8-4c61-b983-812168170284.jpg.webp?ect=4g,https://www.tokopedia.com/paldaprojectt/nike-air-jordan-1-low-lucky-green-100-original-guarantee-10-5-44-5-7a5d5?extParam=ivf%3Dfalse%26keyword%3Dair+jordan&src=topads
214,Air Jordan 1 Low Reverse Panda  Authentic,Rp1.579.000,https://images.tokopedia.net/img/cache/200-square/VqbcmM/2024/1/21/a918c4f4-7c1d-4e56-a208-4db8dda05330.jpg.webp?ect=4g,https://www.tokopedia.com/trueogkicks/air-jordan-1-low-reverse-panda-authentic-gs-37-5-85cc6?extParam=ivf%3Dfalse%26keyword%3Dair+jordan&src=topads
215,Air Jordan 1 Low Black Toe Authentic,Rp1.399.000,https://images.tokopedia.net/img/cache/200-square/VqbcmM/2024/1/9/e1daf91b-1a6e-462d-90dd-eeb6a02059d4.jpg.webp?ect=4g,https://www.tokopedia.com/gdbb/air-jordan-1-low-black-toe-authentic-41-d3064?extParam=ivf%3Dfalse%26keyword%3Dair+jordan&src=topads
216,Nike Air Jordan 1 Mid Light Smoke Grey Dior 100% Original,Rp2.369.000,https://images.tokopedia.net/img/cache/200-square/VqbcmM/2022/10/31/e7ce403b-a378-4f16-8b55-0619d5966f1a.png.webp?ect=4g,https://www.tokopedia.com/trueogkicks/nike-air-jordan-1-mid-light-smoke-grey-dior-100-original-44-5f7d9?extParam=ivf%3Dfalse%26keyword%3Dair+jordan%26src%3Dsearch
217,Air Jordan 1 Retro High Off-White UNC,Rp580.000,https://images.tokopedia.net/img/cache/200-square/VqbcmM/2022/10/18/e2317b31-7685-4e7b-b554-859505451978.jpg.webp?ect=4g,https://www.tokopedia.com/stadiumsneakers/air-jordan-1-retro-high-off-white-unc?extParam=ivf%3Dfalse%26keyword%3Dair+jordan%26src%3Dsearch
218,Air Jordan Jumpman Slide Black Cool Grey Original BNIB,Rp479.400,https://images.tokopedia.net/img/cache/200-square/VqbcmM/2024/11/17/bb6ffd27-78b9-4021-9810-1548d253eaea.jpg.webp?ect=4g,https://www.tokopedia.com/speakas/air-jordan-jumpman-slide-black-cool-grey-original-bnib-42-5-27cm-f00ff?extParam=ivf%3Dfalse%26keyword%3Dair+jordan%26src%3Dsearch
219,Air Jordan 4 Bred Reimagined,Rp3.750.000,https://images.tokopedia.net/img/cache/200-square/VqbcmM/2024/3/9/168c2f9c-1236-4783-ac6a-79e8e7887ec8.jpg.webp?ect=4g,https://www.tokopedia.com/allineonesnkrs/air-jordan-4-bred-reimagined-44-5-430d3?extParam=ivf%3Dfalse%26keyword%3Dair+jordan%26src%3Dsearch
220,air jordan bagpack original 100%,Rp296.000,https://images.tokopedia.net/img/cache/200-square/VqbcmM/2020/9/3/dba1427e-e1fa-48d5-bd7b-b97991b6f3c3.jpg.webp?ect=4g,https://www.tokopedia.com/cazualers/air-jordan-bagpack-original-100-putih?extParam=ivf%3Dfalse%26keyword%3Dair+jordan%26src%3Dsearch
221,Travis Scott x Nike Air Jordan 1 Low Mocha 100% Authentic,Rp24.999.000,https://images.tokopedia.net/img/cache/200-square/VqbcmM/2023/5/30/037554be-14a3-4eb2-9f3f-fbcd7da0227f.jpg.webp?ect=4g,https://www.tokopedia.com/sneakertology/travis-scott-x-nike-air-jordan-1-low-mocha-100-authentic?extParam=ivf%3Dfalse%26keyword%3Dair+jordan%26src%3Dsearch
222,Air Jordan 1 High Element GoreTex Light Curry 100% Authentic,Rp1.936.000,https://images.tokopedia.net/img/cache/200-square/VqbcmM/2022/6/8/e8007dc2-29e5-4427-8a9b-ee010186b7a6.jpg.webp?ect=4g,https://www.tokopedia.com/promoit-1/air-jordan-1-high-element-goretex-light-curry-100-authentic-7?extParam=ivf%3Dfalse%26keyword%3Dair+jordan%26src%3Dsearch
223,Bape Sta JJJJound (not Jordan Yeezy Dunk Travis Air Max) - 100% Authentic Original Guaranteed,Rp6.390.000,https://images.tokopedia.net/img/cache/200-square/VqbcmM/2022/3/31/25baf76a-7027-47ec-b2c5-ca3135e50259.jpg.webp?ect=4g,https://www.tokopedia.com/hotsauceid/bape-sta-jjjjound-not-jordan-yeezy-dunk-travis-air-max-100-authentic-original-guaranteed?extParam=ivf%3Dfalse%26keyword%3Dair+jordan%26src%3Dsearch
224,AIR JORDAN 1 MID WHITE METALLIC GOLD OBSIDIAN (GS),Rp1.650.000,https://images.tokopedia.net/img/cache/200-square/VqbcmM/2023/9/6/074a68bd-1139-4826-9136-926d62dd3ef4.jpg.webp?ect=4g,https://www.tokopedia.com/badassmonkeyid/air-jordan-1-mid-white-metallic-gold-obsidian-gs-5-5y-8a86d?extParam=ivf%3Dfalse%26keyword%3Dair+jordan%26src%3Dsearch
225,Nike Air Jordan 1 Low Bred Toe (GS) 100% Original,Rp1.579.000,https://images.tokopedia.net/img/cache/200-square/VqbcmM/2022/2/14/3791248d-fbc7-4e41-a346-cd10860b2d0b.png.webp?ect=4g,https://www.tokopedia.com/trueogkicks/nike-air-jordan-1-low-bred-toe-gs-100-original-36-5-7f4e0?extParam=ivf%3Dfalse%26keyword%3Dair+jordan%26src%3Dsearch
226,"AIR JORDAN 1 HIGH OG CHICAGO ""LOST & FOUND""",Rp2.495.000,https://images.tokopedia.net/img/cache/200-square/VqbcmM/2022/11/21/745d7b29-cdc9-437c-be32-fc84ca86c073.jpg.webp?ect=4g,https://www.tokopedia.com/archiveexperiments/air-jordan-1-high-og-chicago-lost-found-4y-86b7b?extParam=ivf%3Dfalse%26keyword%3Dair+jordan%26src%3Dsearch
227,CELANA BASKET AIR JORDAN CELANA TRAINING FUTSAL OLAHRAGA RUNNING,Rp33.000,https://images.tokopedia.net/img/cache/200-square/hDjmkQ/2021/5/17/8814194f-6e56-44e3-9514-c3dbd7ba0718.jpg.webp?ect=4g,https://www.tokopedia.com/housemantap/celana-basket-air-jordan-celana-training-futsal-olahraga-running-hitam?extParam=ivf%3Dfalse%26keyword%3Dair+jordan%26src%3Dsearch
228,"Air Jordan 1 x Off -White ""Chicago"" PK Quality",Rp2.900.000,https://images.tokopedia.net/img/cache/200-square/VqbcmM/2022/5/23/0eb6b20e-e757-496f-a3ed-51c35959a170.jpg.webp?ect=4g,https://www.tokopedia.com/hypewareindo/air-jordan-1-x-off-white-chicago-pk-quality-41?extParam=ivf%3Dfalse%26keyword%3Dair+jordan%26src%3Dsearch
229,SUPREME.X Air Jordan 5 Camo,Rp6.000.000,https://images.tokopedia.net/img/cache/200-square/VqbcmM/2021/6/20/224ae220-1395-4104-8e64-31970026a8b6.jpg.webp?ect=4g,https://www.tokopedia.com/bobsneakers/supreme-x-air-jordan-5-camo-43?extParam=ivf%3Dfalse%26keyword%3Dair+jordan%26src%3Dsearch
230,Nike Air Jordan 1 High OG Rebellionaire,Rp4.700.000,https://images.tokopedia.net/img/cache/200-square/VqbcmM/2022/3/15/f15c4fc0-04e6-45b9-a2bd-6dcc6c6628e7.jpg.webp?ect=4g,https://www.tokopedia.com/sigmakick/nike-air-jordan-1-high-og-rebellionaire-9-5?extParam=ivf%3Dfalse%26keyword%3Dair+jordan%26src%3Dsearch
231,Air Jordan 1 Bio Hack Tokyo High OG (100% Authentic),Rp4.500.000,https://images.tokopedia.net/img/cache/200-square/VqbcmM/2020/10/14/1741638d-6933-4a0c-b3ec-8d059b2a2fac.jpg.webp?ect=4g,https://www.tokopedia.com/bootsdept/air-jordan-1-bio-hack-tokyo-high-og-100-authentic-44-5-377df?extParam=ivf%3Dfalse%26keyword%3Dair+jordan%26src%3Dsearch
232,Sepatu Sneakers Original Nike Air Jordan 1 Low Paw Print BNIB,Rp750.000,https://images.tokopedia.net/img/cache/200-square/VqbcmM/2025/1/25/79854744-8d5e-479f-8de2-8fe0fa1d031e.jpg.webp?ect=4g,https://www.tokopedia.com/luckone-sneakers/sepatu-sneakers-original-nike-air-jordan-1-low-paw-print-bnib-1730816490594796727?extParam=ivf%3Dfalse%26keyword%3Dair+jordan%26src%3Dsearch
233,Air Jordan 4 Sail Metallic Gold (W) 100% Authentic,Rp3.899.000,https://images.tokopedia.net/img/cache/200-square/VqbcmM/2024/3/1/479308a2-6098-452b-8e79-67fa0f5a9b27.jpg.webp?ect=4g,https://www.tokopedia.com/sneakers4play/air-jordan-4-sail-metallic-gold-w-100-authentic-42-9a825?extParam=ivf%3Dfalse%26keyword%3Dair+jordan%26src%3Dsearch
234,OFF-White x Nike Air Jordan 1 Retro High UNC University Blue 100% Authentic,Rp35.000.000,https://images.tokopedia.net/img/cache/200-square/VqbcmM/2023/1/4/7d2ac98a-70fd-4f16-b990-ba59059c0714.jpg.webp?ect=4g,https://www.tokopedia.com/sneakertology/off-white-x-nike-air-jordan-1-retro-high-unc-university-blue-100-authentic?extParam=ivf%3Dfalse%26keyword%3Dair+jordan%26src%3Dsearch
235,Travis Scott Cactus Jack Air Jordan 1 OG SP Reverse Mocha Kickwho Godkiller,Rp2.399.999,https://images.tokopedia.net/img/cache/200-square/VqbcmM/2024/9/19/9ab99fb4-6f5f-466c-a873-3bdf53d655f0.jpg.webp?ect=4g,https://www.tokopedia.com/godkillergoodsidn/travis-scott-cactus-jack-air-jordan-1-og-sp-reverse-mocha-kickwho-godkiller-40-337cd?extParam=ivf%3Dfalse%26keyword%3Dair+jordan%26src%3Dsearch
236,Air Jordan 1 Black Satin Gym Red Hi OG (Authentic),Rp3.899.000,https://images.tokopedia.net/img/cache/200-square/product-1/2020/3/24/4411778/4411778_22e60d16-5fdf-4817-b425-8ef17562356c_2048_2048.jpg.webp?ect=4g,https://www.tokopedia.com/bootsdept/air-jordan-1-black-satin-gym-red-hi-og-authentic-42-5?extParam=ivf%3Dfalse%26keyword%3Dair+jordan%26src%3Dsearch
237,Sepatu Sneakers Unisex NIKE AIR JORDAN 11 RETRO NEAPOLITAN - AR0715101,Rp1.799.000,https://images.tokopedia.net/img/cache/200-square/aphluv/1997/1/1/616e8ad0605a4f5191b8bc1386900bbf~.jpeg.webp?ect=4g,https://www.tokopedia.com/sneakersflash/sepatu-sneakers-unisex-nike-air-jordan-11-retro-neapolitan-ar0715101-1730785836189254696?extParam=ivf%3Dfalse%26keyword%3Dair+jordan%26src%3Dsearch
238,Sticker Air Jordan Gold Jump Man,Rp29.000,https://images.tokopedia.net/img/cache/200-square/VqbcmM/2021/6/5/7a165bc0-da73-4734-b666-0e357849a552.jpg.webp?ect=4g,https://www.tokopedia.com/trueogkicks/sticker-air-jordan-gold-jump-man?extParam=ivf%3Dfalse%26keyword%3Dair+jordan%26src%3Dsearch
239,AIR JORDAN 1 RETRO LOW GOLF PHANTOM VOLT 100% Authentic,Rp2.499.000,https://images.tokopedia.net/img/cache/200-square/VqbcmM/2023/8/30/41c914b9-0b90-413f-a2bc-0c0fc05376bc.jpg.webp?ect=4g,https://www.tokopedia.com/dhypeid/air-jordan-1-retro-low-golf-phantom-volt-100-authentic-44-82fb9?extParam=ivf%3Dfalse%26keyword%3Dair+jordan%26src%3Dsearch
240,Air Jordan 1 Low OG Zion Williamson Voodoo (100% Original Authentic),Rp4.150.000,https://images.tokopedia.net/img/cache/200-square/VqbcmM/2025/1/20/02b57ea2-25bd-422d-83a2-fde81a458d5f.jpg.webp?ect=4g,https://www.tokopedia.com/dropyoursneakers/air-jordan-1-low-og-zion-williamson-voodoo-100-original-authentic-1730803706794640803?extParam=ivf%3Dfalse%26keyword%3Dair+jordan%26src%3Dsearch
241,Sepatu Basket Air Jordan Aj 38 Low Pf Royalty Metallic Gold Original F,Rp1.179.600,https://images.tokopedia.net/img/cache/200-square/hDjmkQ/2024/11/21/21df668f-b289-44e4-b09d-78dd0d06366f.png.webp?ect=4g,https://www.tokopedia.com/ncrsport/sepatu-basket-air-jordan-aj-38-low-pf-royalty-metallic-gold-original-f-11-45-461dc?extParam=ivf%3Dfalse%26keyword%3Dair+jordan%26src%3Dsearch
242,Sneakers Nike Air Jordan 1 Low OG Mocha,Rp2.499.000,https://images.tokopedia.net/img/cache/200-square/VqbcmM/2024/9/21/1e51633c-3b92-4cb5-b56d-d400b92a7e1d.jpg.webp?ect=4g,https://www.tokopedia.com/sigmakick/sneakers-nike-air-jordan-1-low-og-mocha-6-5y-a3cd8?extParam=ivf%3Dfalse%26keyword%3Dair+jordan%26src%3Dsearch
243,Air Jordan 1 Low PRM Sail Cashmere,Rp2.600.000,https://images.tokopedia.net/img/cache/200-square/VqbcmM/2025/2/10/221c614d-86bb-4d75-80fd-4241251ae53c.jpg.webp?ect=4g,https://www.tokopedia.com/museiccollection/air-jordan-1-low-prm-sail-cashmere-1730798845249095108?extParam=ivf%3Dfalse%26keyword%3Dair+jordan%26src%3Dsearch
244,Sepatu Sneakers Pria NIKE AIR JORDAN 1 RETRO HIGH OG ARTISANAL TEAM RED - DZ5485160,Rp1.799.000,https://images.tokopedia.net/img/cache/200-square/aphluv/1997/1/1/9e8c9906a5b34195aab0a689b64495b1~.jpeg.webp?ect=4g,https://www.tokopedia.com/sneakersflash/sepatu-sneakers-pria-nike-air-jordan-1-retro-high-og-artisanal-team-red-dz5485160-1730927719645545512?extParam=ivf%3Dfalse%26keyword%3Dair+jordan%26src%3Dsearch
245,AIR JORDAN 1 LOW BRED TOE 2.0 100% Authentic,Rp1.999.000,https://images.tokopedia.net/img/cache/200-square/VqbcmM/2023/10/23/794a6763-4092-4a29-89c4-f28acffbf4f5.jpg.webp?ect=4g,https://www.tokopedia.com/dhypeid/air-jordan-1-low-bred-toe-2-0-100-authentic-42-5-1d0db?extParam=ivf%3Dfalse%26keyword%3Dair+jordan%26src%3Dsearch
246,Sepatu Air Jordan 4 Retro SE What The 4,Rp510.000,https://images.tokopedia.net/img/cache/200-square/VqbcmM/2020/10/8/8cee9dfc-bf59-45e9-88f7-6349b7487df2.jpg.webp?ect=4g,https://www.tokopedia.com/yarasneakers/sepatu-air-jordan-4-retro-se-what-the-4?extParam=ivf%3Dfalse%26keyword%3Dair+jordan%26src%3Dsearch
247,Air Jordan 1 High OG Black Toe Reimagined 100% Authentic BNIB,Rp2.599.000,https://images.tokopedia.net/img/cache/200-square/o3syd0/1997/1/1/5ef12ef49f4a48c698d3fc1b1d8471a5~.jpeg.webp?ect=4g,https://www.tokopedia.com/tsmsneaker/air-jordan-1-high-og-black-toe-reimagined-100-authentic-bnib-1730887637472347313?extParam=ivf%3Dfalse%26keyword%3Dair+jordan%26src%3Dsearch
248,Air Jordan 1 High Chicago Off White,Rp22.030.000,https://images.tokopedia.net/img/cache/200-square/VqbcmM/2021/11/8/8563a6eb-821b-4004-9ec5-75f0ba23634b.jpg.webp?ect=4g,https://www.tokopedia.com/viszzstore/air-jordan-1-high-chicago-off-white?extParam=ivf%3Dfalse%26keyword%3Dair+jordan%26src%3Dsearch
249,Air Jordan 1 Low Yellow Ochre Authentic,Rp1.579.000,https://images.tokopedia.net/img/cache/200-square/VqbcmM/2024/5/21/82447ecd-abb8-48f8-9d67-fd910269910b.jpg.webp?ect=4g,https://www.tokopedia.com/trueogkicks/air-jordan-1-low-yellow-ochre-authentic-37-5-1642d?extParam=ivf%3Dfalse%26keyword%3Dair+jordan%26src%3Dsearch
250,AIR JORDAN 1 LOW VARSITY RED/REVERSE BRED (GS),Rp1.850.000,https://images.tokopedia.net/img/cache/200-square/VqbcmM/2023/8/30/c4319a28-cd78-46e5-a002-c227e6e1a657.jpg.webp?ect=4g,https://www.tokopedia.com/badassmonkeyid/air-jordan-1-low-varsity-red-reverse-bred-gs?extParam=ivf%3Dfalse%26keyword%3Dair+jordan%26src%3Dsearch
251,Air Jordan 1 Low University Blue Black 100% Original Guarantee,Rp1.399.000,https://images.tokopedia.net/img/cache/200-square/hDjmkQ/2025/2/27/c19a9100-2645-44f8-b893-4f29b931a1ce.jpg.webp?ect=4g,https://www.tokopedia.com/paldaprojectt/air-jordan-1-low-university-blue-black-100-original-guarantee-1730927804766848642?extParam=ivf%3Dfalse%26keyword%3Dair+jordan&src=topads
252,Sepatu Air Jordan 1 Low OG Dark Mocha Brown Sneakers Authentic,Rp1.899.000,https://images.tokopedia.net/img/cache/200-square/VqbcmM/2024/11/19/c04a6c24-40a0-4458-84f5-234d5c504f28.jpg.webp?ect=4g,https://www.tokopedia.com/gdbb/sepatu-air-jordan-1-low-og-dark-mocha-brown-sneakers-authentic-39-2eb70?extParam=ivf%3Dfalse%26keyword%3Dair+jordan&src=topads
253,Air Jordan 1 Low Se Seafoam Authentic,Rp1.899.000,https://images.tokopedia.net/img/cache/200-square/VqbcmM/2024/6/22/fb090a9f-dd74-4ef5-960b-4c3f8daab930.jpg.webp?ect=4g,https://www.tokopedia.com/trueogkicks/air-jordan-1-low-se-seafoam-authentic-40-623d7?extParam=ivf%3Dtrue%26keyword%3Dair+jordan&src=topads
254,Sepatu Air Jordan 1 Low SE Paw Print Pink Foam Sneakers Authentic,Rp1.399.000,https://images.tokopedia.net/img/cache/200-square/hDjmkQ/2024/12/15/ef2e23b4-dd94-4841-a01e-9e37bc27f2a0.jpg.webp?ect=4g,https://www.tokopedia.com/gdbb/sepatu-air-jordan-1-low-se-paw-print-pink-foam-sneakers-authentic-36-99a15?extParam=ivf%3Dfalse%26keyword%3Dair+jordan&src=topads
255,Air Jordan 1 Mid Particle Grey (W) BNIB Original 100%,Rp2.309.999,https://images.tokopedia.net/img/cache/200-square/VqbcmM/2022/6/18/eca9f604-ba11-4067-a956-76e908f8586b.jpg.webp?ect=4g,https://www.tokopedia.com/omgsneakers/air-jordan-1-mid-particle-grey-w-bnib-original-100-38-5?extParam=ivf%3Dfalse%26keyword%3Dair+jordan&src=topads
